Total_spending,Total_orders,segments,Customer type
77183.6,1,High Value,One-time customer
4310.0,182,High Value,Repeat customer
1797.24,31,High Value,Repeat customer
1757.55,73,High Value,Repeat customer
334.4,17,High Value,Repeat customer
2506.04,85,High Value,Repeat customer
89.0,4,High Value,Repeat customer
1079.4,58,High Value,Repeat customer
459.4,13,High Value,Repeat customer
2811.43,59,High Value,Repeat customer
6207.67,131,High Value,Repeat customer
1168.06,19,High Value,Repeat customer
6372.58,248,High Value,Repeat customer
2662.06,129,High Value,Repeat customer
189.9,10,High Value,Repeat customer
5226.23,266,High Value,Repeat customer
552.0,23,High Value,Repeat customer
1313.1,85,High Value,Repeat customer
641.38,22,High Value,Repeat customer
168.9,11,High Value,Repeat customer
3545.69,167,High Value,Repeat customer
1887.96,63,High Value,Repeat customer
1298.04,52,High Value,Repeat customer
364.6,14,High Value,Repeat customer
742.9300000000001,33,High Value,Repeat customer
457.5,17,High Value,Repeat customer
1628.12,77,High Value,Repeat customer
4008.62,219,High Value,Repeat customer
852.24,40,High Value,Repeat customer
2724.81,104,High Value,Repeat customer
1845.31,87,High Value,Repeat customer
1850.56,99,High Value,Repeat customer
585.27,27,High Value,Repeat customer
401.9,10,High Value,Repeat customer
2780.66,100,High Value,Repeat customer
549.84,32,High Value,Repeat customer
460.89,100,High Value,Repeat customer
1582.6000000000001,64,High Value,Repeat customer
1272.48,27,High Value,Repeat customer
3018.63,156,High Value,Repeat customer
2409.9,126,High Value,Repeat customer
1635.6599999999999,85,High Value,Repeat customer
1108.65,59,High Value,Repeat customer
84.3,5,High Value,Repeat customer
225.6,11,High Value,Repeat customer
427.7,5,High Value,Repeat customer
1710.39,54,High Value,Repeat customer
3415.3,105,High Value,Repeat customer
1708.1200000000001,77,High Value,Repeat customer
2888.55,105,High Value,Repeat customer
11072.67,109,High Value,Repeat customer
693.3299999999999,26,High Value,Repeat customer
1226.88,61,High Value,Repeat customer
758.1,38,High Value,Repeat customer
562.41,18,High Value,Repeat customer
124914.53,714,Medium value,Repeat customer
3649.1,192,High Value,Repeat customer
668.58,34,High Value,Repeat customer
600.39,29,High Value,Repeat customer
807.04,45,High Value,Repeat customer
803.5600000000001,39,High Value,Repeat customer
1859.31,125,High Value,Repeat customer
1760.96,30,High Value,Repeat customer
777.2,36,High Value,Repeat customer
582.73,30,High Value,Repeat customer
825.8,31,High Value,Repeat customer
7956.46,294,High Value,Repeat customer
3750.4,97,High Value,Repeat customer
256.4,11,High Value,Repeat customer
6487.45,235,High Value,Repeat customer
5059.32,108,High Value,Repeat customer
13375.87,420,High Value,Repeat customer
806.14,50,High Value,Repeat customer
7829.89,36,High Value,Repeat customer
509.01,16,High Value,Repeat customer
4951.41,199,High Value,Repeat customer
2906.85,98,High Value,Repeat customer
173.55,11,High Value,Repeat customer
172.06,12,High Value,Repeat customer
5005.46,176,High Value,Repeat customer
133.4,4,High Value,Repeat customer
1002.3100000000001,57,High Value,Repeat customer
476.49,26,High Value,Repeat customer
449.45,22,High Value,Repeat customer
4067.29,191,High Value,Repeat customer
197.88,8,High Value,Repeat customer
9035.52,354,High Value,Repeat customer
430.57,22,High Value,Repeat customer
707.09,43,High Value,Repeat customer
3528.34,15,High Value,Repeat customer
2466.86,90,High Value,Repeat customer
3181.04,125,High Value,Repeat customer
2363.23,62,High Value,Repeat customer
947.4,38,High Value,Repeat customer
826.88,35,High Value,Repeat customer
1189.59,62,High Value,Repeat customer
1344.78,83,High Value,Repeat customer
1212.05,29,High Value,Repeat customer
742.1899999999999,47,High Value,Repeat customer
729.5400000000001,38,High Value,Repeat customer
19824.05,460,High Value,Repeat customer
6572.11,339,High Value,Repeat customer
3938.5499999999997,168,High Value,Repeat customer
7375.79,424,High Value,Repeat customer
723.38,36,High Value,Repeat customer
6816.42,233,High Value,Repeat customer
13219.74,300,High Value,Repeat customer
680.99,36,High Value,Repeat customer
527.2,31,High Value,Repeat customer
3281.63,154,High Value,Repeat customer
5596.32,217,High Value,Repeat customer
2484.98,75,High Value,Repeat customer
4541.72,346,High Value,Repeat customer
1298.66,55,High Value,Repeat customer
334.93,15,High Value,Repeat customer
5417.93,245,High Value,Repeat customer
460.40000000000003,26,High Value,Repeat customer
263.21000000000004,20,High Value,Repeat customer
433.74,22,High Value,Repeat customer
1246.1000000000001,77,High Value,Repeat customer
1043.1,14,High Value,Repeat customer
403.70000000000005,23,High Value,Repeat customer
4257.82,61,High Value,Repeat customer
2169.39,149,High Value,Repeat customer
3723.87,147,High Value,Repeat customer
482.04999999999995,9,High Value,Repeat customer
73.5,23,High Value,Repeat customer
1304.81,21,High Value,Repeat customer
398.27,69,High Value,Repeat customer
176.5,7,High Value,Repeat customer
982.5699999999999,33,High Value,Repeat customer
138.03,34,High Value,Repeat customer
612.29,35,High Value,Repeat customer
1017.68,51,High Value,Repeat customer
383.7,16,High Value,Repeat customer
1312.06,26,High Value,Repeat customer
2502.84,284,High Value,Repeat customer
2056.89,124,High Value,Repeat customer
340.84,18,High Value,Repeat customer
2634.26,152,High Value,Repeat customer
599.68,38,High Value,Repeat customer
192.72,12,High Value,Repeat customer
1789.77,106,High Value,Repeat customer
4485.72,144,High Value,Repeat customer
1316.66,71,High Value,Repeat customer
348.71000000000004,18,High Value,Repeat customer
1933.48,92,High Value,Repeat customer
1662.28,66,High Value,Repeat customer
125.22,17,High Value,Repeat customer
349.83000000000004,16,High Value,Repeat customer
1089.18,63,High Value,Repeat customer
716.35,34,High Value,Repeat customer
12601.830000000002,261,High Value,Repeat customer
363.95,21,High Value,Repeat customer
5568.35,273,High Value,Repeat customer
13400.24,478,High Value,Repeat customer
981.18,52,High Value,Repeat customer
372.7,19,High Value,Repeat customer
1000.39,50,High Value,Repeat customer
1161.5,69,High Value,Repeat customer
207.79999999999998,8,High Value,Repeat customer
95.19999999999999,5,High Value,Repeat customer
964.83,57,High Value,Repeat customer
168.0,10,High Value,Repeat customer
437.82,20,High Value,Repeat customer
3692.28,191,High Value,Repeat customer
603.71,121,High Value,Repeat customer
11990.960000000001,33,High Value,Repeat customer
269.96,11,High Value,Repeat customer
561.71,21,High Value,Repeat customer
2134.01,105,High Value,Repeat customer
238.85,16,High Value,Repeat customer
3781.7400000000002,168,High Value,Repeat customer
456.9,21,High Value,Repeat customer
145.92,9,High Value,Repeat customer
351.65,19,High Value,Repeat customer
9401.28,446,High Value,Repeat customer
4124.69,188,High Value,Repeat customer
519.61,34,High Value,Repeat customer
1020.42,60,High Value,Repeat customer
160.54000000000002,28,High Value,Repeat customer
218.45,11,High Value,Repeat customer
1315.83,88,High Value,Repeat customer
657.8,147,High Value,Repeat customer
2794.51,114,High Value,Repeat customer
440.42,29,High Value,Repeat customer
415.7,24,High Value,Repeat customer
197.71,15,High Value,Repeat customer
511.36,22,High Value,Repeat customer
7281.38,247,High Value,Repeat customer
2338.15,96,High Value,Repeat customer
2040.1,87,High Value,Repeat customer
196.94000000000003,11,High Value,Repeat customer
144.0,4,High Value,Repeat customer
214.89999999999998,10,High Value,Repeat customer
646.68,35,High Value,Repeat customer
9864.26,68,High Value,Repeat customer
452.84999999999997,26,High Value,Repeat customer
437.6,18,High Value,Repeat customer
418.09999999999997,21,High Value,Repeat customer
3338.2200000000003,118,High Value,Repeat customer
618.27,27,High Value,Repeat customer
3811.22,206,High Value,Repeat customer
3023.08,132,High Value,Repeat customer
1032.58,62,High Value,Repeat customer
2599.04,64,High Value,Repeat customer
577.0600000000001,28,High Value,Repeat customer
153.12,12,High Value,Repeat customer
739.1999999999999,2,High Value,Repeat customer
254.18,16,High Value,Repeat customer
1579.51,101,High Value,Repeat customer
1126.85,60,High Value,Repeat customer
2099.54,106,High Value,Repeat customer
1193.32,65,High Value,Repeat customer
704.0400000000001,19,High Value,Repeat customer
3344.38,153,High Value,Repeat customer
315.6,20,High Value,Repeat customer
2291.19,105,High Value,Repeat customer
713.3,32,High Value,Repeat customer
355.53,42,High Value,Repeat customer
177.31,11,High Value,Repeat customer
3641.24,90,High Value,Repeat customer
1339.41,92,High Value,Repeat customer
13689.67,467,High Value,Repeat customer
180.1,11,High Value,Repeat customer
305.1,18,High Value,Repeat customer
641.13,38,High Value,Repeat customer
2683.82,86,High Value,Repeat customer
6620.48,294,High Value,Repeat customer
4478.53,230,High Value,Repeat customer
786.46,41,High Value,Repeat customer
1270.88,64,High Value,Repeat customer
640.5,31,High Value,Repeat customer
2163.98,101,High Value,Repeat customer
1689.18,101,High Value,Repeat customer
6021.9,390,High Value,Repeat customer
671.69,39,High Value,Repeat customer
486.1,22,High Value,Repeat customer
1174.58,53,High Value,Repeat customer
185.9,10,High Value,Repeat customer
1013.26,47,High Value,Repeat customer
3344.64,24,High Value,Repeat customer
477.91,31,High Value,Repeat customer
1775.18,73,High Value,Repeat customer
1346.97,45,High Value,Repeat customer
3722.82,121,High Value,Repeat customer
318.05,21,High Value,Repeat customer
623.51,31,High Value,Repeat customer
314.44,20,High Value,Repeat customer
114.0,9,High Value,Repeat customer
919.98,48,High Value,Repeat customer
2209.85,43,High Value,Repeat customer
601.98,38,High Value,Repeat customer
4051.17,126,High Value,Repeat customer
1643.18,47,High Value,Repeat customer
686.05,36,High Value,Repeat customer
91.68,5,High Value,Repeat customer
245.1,13,High Value,Repeat customer
3849.78,230,High Value,Repeat customer
4881.88,37,High Value,Repeat customer
63.0,3,High Value,Repeat customer
620.13,33,High Value,Repeat customer
3807.15,161,High Value,Repeat customer
2744.0299999999997,101,High Value,Repeat customer
2996.05,92,High Value,Repeat customer
225.89999999999998,10,High Value,Repeat customer
610.52,42,High Value,Repeat customer
1970.6,83,High Value,Repeat customer
1331.39,45,High Value,Repeat customer
17628.46,165,High Value,Repeat customer
1113.02,48,High Value,Repeat customer
862.81,52,High Value,Repeat customer
13787.54,638,High Value,Repeat customer
12288.22,525,High Value,Repeat customer
8476.57,344,High Value,Repeat customer
2283.63,105,High Value,Repeat customer
2863.08,157,High Value,Repeat customer
89.14,7,High Value,Repeat customer
4873.8099999999995,171,High Value,Repeat customer
1247.61,72,High Value,Repeat customer
389.01,16,High Value,Repeat customer
1035.8,32,High Value,Repeat customer
855.91,39,High Value,Repeat customer
869.67,37,High Value,Repeat customer
582.1,27,High Value,Repeat customer
957.59,41,High Value,Repeat customer
4939.99,268,High Value,Repeat customer
797.71,53,High Value,Repeat customer
219.0,12,High Value,Repeat customer
283.55,21,High Value,Repeat customer
2340.84,88,High Value,Repeat customer
6868.29,334,High Value,Repeat customer
603.42,33,High Value,Repeat customer
2712.91,157,High Value,Repeat customer
9736.52,208,High Value,Repeat customer
1149.02,77,High Value,Repeat customer
4396.13,133,High Value,Repeat customer
848.55,38,High Value,Repeat customer
4708.86,259,High Value,Repeat customer
353.86,21,High Value,Repeat customer
1053.49,69,High Value,Repeat customer
1030.98,55,High Value,Repeat customer
238.25,19,High Value,Repeat customer
644.95,39,High Value,Repeat customer
5781.73,354,High Value,Repeat customer
2656.13,161,High Value,Repeat customer
997.63,53,High Value,Repeat customer
725.07,69,High Value,Repeat customer
1031.41,53,High Value,Repeat customer
427.8,24,High Value,Repeat customer
2609.1,124,High Value,Repeat customer
3980.7,139,High Value,Repeat customer
836.33,46,High Value,Repeat customer
453.01,26,High Value,Repeat customer
18895.91,274,High Value,Repeat customer
236.26000000000002,12,High Value,Repeat customer
383.95,22,High Value,Repeat customer
110.39999999999999,4,High Value,Repeat customer
779.5699999999999,43,High Value,Repeat customer
234.0,4,High Value,Repeat customer
155.35,11,High Value,Repeat customer
1013.04,38,High Value,Repeat customer
427.6,27,High Value,Repeat customer
546.43,134,High Value,Repeat customer
21279.29,222,High Value,Repeat customer
4196.01,103,High Value,Repeat customer
33719.73,4595,Low Value,Repeat customer
4090.88,199,High Value,Repeat customer
275.88,15,High Value,Repeat customer
4366.78,53,High Value,Repeat customer
21429.39,197,High Value,Repeat customer
3010.74,63,High Value,Repeat customer
3811.95,4,High Value,Repeat customer
112.07999999999998,4,High Value,Repeat customer
7857.1,371,High Value,Repeat customer
2791.59,97,High Value,Repeat customer
1531.44,95,High Value,Repeat customer
1898.52,69,High Value,Repeat customer
494.08,18,High Value,Repeat customer
1693.88,45,High Value,Repeat customer
6989.63,310,High Value,Repeat customer
1143.6,32,High Value,Repeat customer
1351.45,12,High Value,Repeat customer
892.47,55,High Value,Repeat customer
1386.04,66,High Value,Repeat customer
822.23,50,High Value,Repeat customer
3981.36,149,High Value,Repeat customer
826.74,25,High Value,Repeat customer
2330.92,103,High Value,Repeat customer
2225.91,84,High Value,Repeat customer
574.42,59,High Value,Repeat customer
311.95,14,High Value,Repeat customer
463.66,20,High Value,Repeat customer
91.85,4,High Value,Repeat customer
324.92,21,High Value,Repeat customer
192.60000000000002,2,High Value,Repeat customer
400.53999999999996,25,High Value,Repeat customer
545.48,24,High Value,Repeat customer
860.41,45,High Value,Repeat customer
430.48,14,High Value,Repeat customer
254.03,13,High Value,Repeat customer
6977.04,8,High Value,Repeat customer
427.58,25,High Value,Repeat customer
483.65000000000003,28,High Value,Repeat customer
489.31,25,High Value,Repeat customer
514.85,31,High Value,Repeat customer
229.64000000000001,15,High Value,Repeat customer
125.92,2,High Value,Repeat customer
1063.46,47,High Value,Repeat customer
572.2,29,High Value,Repeat customer
166.04,4,High Value,Repeat customer
1542.08,14,High Value,Repeat customer
942.34,59,High Value,Repeat customer
92.72,6,High Value,Repeat customer
948.88,46,High Value,Repeat customer
1759.5,5,High Value,Repeat customer
397.12,25,High Value,Repeat customer
1474.72,91,High Value,Repeat customer
430.15000000000003,25,High Value,Repeat customer
1018.71,56,High Value,Repeat customer
293.0,11,High Value,Repeat customer
6814.64,38,High Value,Repeat customer
215.05,9,High Value,Repeat customer
383.03,27,High Value,Repeat customer
417.38,24,High Value,Repeat customer
312.38,18,High Value,Repeat customer
2612.86,175,High Value,Repeat customer
134.1,12,High Value,Repeat customer
683.13,123,High Value,Repeat customer
5591.42,314,High Value,Repeat customer
2726.77,113,High Value,Repeat customer
4022.35,420,High Value,Repeat customer
1118.99,34,High Value,Repeat customer
1702.26,103,High Value,Repeat customer
325.96000000000004,52,High Value,Repeat customer
354.09,27,High Value,Repeat customer
871.54,91,High Value,Repeat customer
1050.8899999999999,51,High Value,Repeat customer
135.18,50,High Value,Repeat customer
311.55,17,High Value,Repeat customer
1957.1000000000001,78,High Value,Repeat customer
1324.5,110,High Value,Repeat customer
38.1,3,High Value,Repeat customer
2179.93,314,High Value,Repeat customer
1106.4,46,High Value,Repeat customer
521.2,5,High Value,Repeat customer
147.12,3,High Value,Repeat customer
1568.23,95,High Value,Repeat customer
559.12,26,High Value,Repeat customer
4036.82,538,High Value,Repeat customer
1607.0600000000002,107,High Value,Repeat customer
380.64,11,High Value,Repeat customer
599.97,66,High Value,Repeat customer
374.0,4,High Value,Repeat customer
343.2300000000001,2,High Value,Repeat customer
2218.02,85,High Value,Repeat customer
1535.77,154,High Value,Repeat customer
854.99,47,High Value,Repeat customer
573.22,10,High Value,Repeat customer
298.0,7,High Value,Repeat customer
1463.04,13,High Value,Repeat customer
703.47,42,High Value,Repeat customer
309.05,7,High Value,Repeat customer
1175.22,71,High Value,Repeat customer
1378.4,82,High Value,Repeat customer
354.12,5,High Value,Repeat customer
380.46999999999997,82,High Value,Repeat customer
331.0,3,High Value,Repeat customer
188.14,34,High Value,Repeat customer
372.8,22,High Value,Repeat customer
216.5,4,High Value,Repeat customer
17654.54,116,High Value,Repeat customer
138.68,10,High Value,Repeat customer
509.58,72,High Value,Repeat customer
2919.81,63,High Value,Repeat customer
750.0,2,High Value,Repeat customer
2178.67,91,High Value,Repeat customer
3075.04,75,High Value,Repeat customer
1662.3,24,High Value,Repeat customer
2483.63,50,High Value,Repeat customer
363.65,22,High Value,Repeat customer
3006.15,107,High Value,Repeat customer
594.0,2,High Value,Repeat customer
1335.19,50,High Value,Repeat customer
164.23,28,High Value,Repeat customer
16587.09,720,High Value,Repeat customer
405.38,28,High Value,Repeat customer
176.97,29,High Value,Repeat customer
933.7,30,High Value,Repeat customer
694.05,45,High Value,Repeat customer
2062.7000000000003,84,High Value,Repeat customer
117.85,8,High Value,Repeat customer
415.8,25,High Value,Repeat customer
42055.96,82,High Value,Repeat customer
607.53,106,High Value,Repeat customer
2160.7,129,High Value,Repeat customer
1063.9,62,High Value,Repeat customer
1504.27,120,High Value,Repeat customer
114.14,9,High Value,Repeat customer
11581.8,47,High Value,Repeat customer
913.54,99,High Value,Repeat customer
683.9,75,High Value,Repeat customer
604.51,30,High Value,Repeat customer
462.95,23,High Value,Repeat customer
1603.99,97,High Value,Repeat customer
2064.95,116,High Value,Repeat customer
4167.22,215,High Value,Repeat customer
1843.0,23,High Value,Repeat customer
1064.07,63,High Value,Repeat customer
1387.79,79,High Value,Repeat customer
329.85,17,High Value,Repeat customer
4757.16,180,High Value,Repeat customer
108.07,19,High Value,Repeat customer
4017.54,238,High Value,Repeat customer
266.39,16,High Value,Repeat customer
1856.63,95,High Value,Repeat customer
771.91,109,High Value,Repeat customer
160.18,10,High Value,Repeat customer
1660.9,19,High Value,Repeat customer
135.95,5,High Value,Repeat customer
452.24,151,High Value,Repeat customer
11189.91,305,High Value,Repeat customer
144.8,8,High Value,Repeat customer
738.6,22,High Value,Repeat customer
39.239999999999995,9,High Value,Repeat customer
7374.900000000001,20,High Value,Repeat customer
372.21999999999997,20,High Value,Repeat customer
390.54,28,High Value,Repeat customer
97.5,4,High Value,Repeat customer
1239.38,76,High Value,Repeat customer
558.7,28,High Value,Repeat customer
535.32,92,High Value,Repeat customer
6924.110000000001,64,High Value,Repeat customer
409.5,13,High Value,Repeat customer
503.76,31,High Value,Repeat customer
414.76,27,High Value,Repeat customer
974.4200000000001,61,High Value,Repeat customer
211.32,3,High Value,Repeat customer
1226.89,59,High Value,Repeat customer
455.88,28,High Value,Repeat customer
534.85,31,High Value,Repeat customer
9818.82,339,High Value,Repeat customer
120.94999999999999,7,High Value,Repeat customer
149.05,6,High Value,Repeat customer
5655.91,404,High Value,Repeat customer
513.7,26,High Value,Repeat customer
81.57,4,High Value,Repeat customer
229.46999999999997,14,High Value,Repeat customer
50.550000000000004,3,High Value,Repeat customer
1661.8400000000001,89,High Value,Repeat customer
4810.9400000000005,219,High Value,Repeat customer
3466.2799999999997,109,High Value,Repeat customer
3346.28,176,High Value,Repeat customer
789.89,47,High Value,Repeat customer
204.0,1,High Value,One-time customer
7277.7,458,High Value,Repeat customer
2616.38,131,High Value,Repeat customer
689.9,40,High Value,Repeat customer
975.36,40,High Value,Repeat customer
6912.0,26,High Value,Repeat customer
661.3199999999999,45,High Value,Repeat customer
1247.5,10,High Value,Repeat customer
799.48,99,High Value,Repeat customer
1010.18,71,High Value,Repeat customer
190.55,11,High Value,Repeat customer
642.77,37,High Value,Repeat customer
921.88,27,High Value,Repeat customer
881.07,48,High Value,Repeat customer
908.46,28,High Value,Repeat customer
676.99,43,High Value,Repeat customer
516.42,13,High Value,Repeat customer
560.47,33,High Value,Repeat customer
305.28000000000003,18,High Value,Repeat customer
629.31,35,High Value,Repeat customer
3237.54,172,High Value,Repeat customer
1835.91,136,High Value,Repeat customer
656.6800000000001,14,High Value,Repeat customer
5836.86,403,High Value,Repeat customer
348.15000000000003,18,High Value,Repeat customer
1214.41,76,High Value,Repeat customer
271.40000000000003,8,High Value,Repeat customer
183.4,8,High Value,Repeat customer
307.53,15,High Value,Repeat customer
248.61,10,High Value,Repeat customer
346.98,11,High Value,Repeat customer
1119.49,69,High Value,Repeat customer
205.86,14,High Value,Repeat customer
470.8,48,High Value,Repeat customer
115.46000000000001,15,High Value,Repeat customer
344.0,2,High Value,Repeat customer
4436.12,425,High Value,Repeat customer
228.8,9,High Value,Repeat customer
177.15,7,High Value,Repeat customer
919.61,22,High Value,Repeat customer
729.27,112,High Value,Repeat customer
12627.94,358,High Value,Repeat customer
220.10000000000002,6,High Value,Repeat customer
58.08,6,High Value,Repeat customer
28337.38,1024,High Value,Repeat customer
3613.63,73,High Value,Repeat customer
303.75,18,High Value,Repeat customer
416.08000000000004,22,High Value,Repeat customer
58825.83,1818,High Value,Repeat customer
8910.82,155,High Value,Repeat customer
345.82,21,High Value,Repeat customer
477.83,25,High Value,Repeat customer
7832.47,159,High Value,Repeat customer
1927.3200000000002,24,High Value,Repeat customer
74.39999999999999,6,High Value,Repeat customer
6010.42,423,High Value,Repeat customer
28882.44,572,High Value,Repeat customer
207.35999999999999,1,High Value,One-time customer
101.19,8,High Value,Repeat customer
6424.09,304,High Value,Repeat customer
243.94,8,High Value,Repeat customer
1098.48,20,High Value,Repeat customer
76.5,1,High Value,One-time customer
1531.6200000000001,58,High Value,Repeat customer
350.06,10,High Value,Repeat customer
786.54,47,High Value,Repeat customer
1488.67,145,High Value,Repeat customer
12245.960000000001,200,High Value,Repeat customer
2294.78,120,High Value,Repeat customer
501.14,30,High Value,Repeat customer
984.91,76,High Value,Repeat customer
1197.81,79,High Value,Repeat customer
30.599999999999998,1,High Value,One-time customer
283.73,50,High Value,Repeat customer
922.39,55,High Value,Repeat customer
3866.33,235,High Value,Repeat customer
2099.64,140,High Value,Repeat customer
259.17,15,High Value,Repeat customer
64.0,2,High Value,Repeat customer
1073.3,44,High Value,Repeat customer
77.3,3,High Value,Repeat customer
109.8,7,High Value,Repeat customer
1793.58,98,High Value,Repeat customer
3096.0,1,High Value,One-time customer
2607.61,127,High Value,Repeat customer
3650.41,704,High Value,Repeat customer
962.39,63,High Value,Repeat customer
5064.94,170,High Value,Repeat customer
423.72,46,High Value,Repeat customer
2388.75,135,High Value,Repeat customer
307.09,23,High Value,Repeat customer
110.95,3,High Value,Repeat customer
618.52,6,High Value,Repeat customer
228.91,17,High Value,Repeat customer
712.8000000000001,4,High Value,Repeat customer
3707.12,319,High Value,Repeat customer
1676.06,86,High Value,Repeat customer
1257.8700000000001,74,High Value,Repeat customer
486.22,15,High Value,Repeat customer
971.76,85,High Value,Repeat customer
1741.22,87,High Value,Repeat customer
1201.06,79,High Value,Repeat customer
1437.85,121,High Value,Repeat customer
91.8,4,High Value,Repeat customer
112.75,8,High Value,Repeat customer
1688.29,79,High Value,Repeat customer
1021.48,42,High Value,Repeat customer
417.2,41,High Value,Repeat customer
791.33,65,High Value,Repeat customer
1319.19,131,High Value,Repeat customer
712.88,13,High Value,Repeat customer
116.00999999999999,32,High Value,Repeat customer
468.41,46,High Value,Repeat customer
353.65,43,High Value,Repeat customer
2817.03,314,High Value,Repeat customer
492.84,72,High Value,Repeat customer
282.45,17,High Value,Repeat customer
5725.47,265,High Value,Repeat customer
121.18,11,High Value,Repeat customer
3957.78,94,High Value,Repeat customer
1701.29,181,High Value,Repeat customer
71.4,1,High Value,One-time customer
1575.89,79,High Value,Repeat customer
236.02,37,High Value,Repeat customer
114.60000000000001,2,High Value,Repeat customer
260.68,29,High Value,Repeat customer
911.94,63,High Value,Repeat customer
117.88,29,High Value,Repeat customer
60.7,3,High Value,Repeat customer
1797.78,110,High Value,Repeat customer
3401.2400000000002,226,High Value,Repeat customer
9817.12,119,High Value,Repeat customer
870.09,46,High Value,Repeat customer
869.46,57,High Value,Repeat customer
250.26000000000002,8,High Value,Repeat customer
1223.9,149,High Value,Repeat customer
5891.61,321,High Value,Repeat customer
353.48,22,High Value,Repeat customer
1197.42,56,High Value,Repeat customer
788.08,142,High Value,Repeat customer
1520.58,90,High Value,Repeat customer
333.74,5,High Value,Repeat customer
533.98,4,High Value,Repeat customer
62.63999999999999,5,High Value,Repeat customer
819.2900000000001,21,High Value,Repeat customer
847.41,66,High Value,Repeat customer
163.20000000000002,5,High Value,Repeat customer
2155.95,108,High Value,Repeat customer
6463.84,32,High Value,Repeat customer
108.21000000000001,16,High Value,Repeat customer
257.7,9,High Value,Repeat customer
358.0,2,High Value,Repeat customer
160.95,10,High Value,Repeat customer
2806.97,611,High Value,Repeat customer
1357.6,207,High Value,Repeat customer
605.12,43,High Value,Repeat customer
1031.07,58,High Value,Repeat customer
744.85,36,High Value,Repeat customer
700.73,31,High Value,Repeat customer
329.56,21,High Value,Repeat customer
663.65,67,High Value,Repeat customer
270.40000000000003,13,High Value,Repeat customer
600.07,58,High Value,Repeat customer
121.74000000000001,27,High Value,Repeat customer
430.5,16,High Value,Repeat customer
1987.3,141,High Value,Repeat customer
501.12,25,High Value,Repeat customer
465.68,26,High Value,Repeat customer
711.41,23,High Value,Repeat customer
1030.4,36,High Value,Repeat customer
399.51,13,High Value,Repeat customer
698.58,38,High Value,Repeat customer
292.32,87,High Value,Repeat customer
557.62,8,High Value,Repeat customer
944.1,9,High Value,Repeat customer
200.29,11,High Value,Repeat customer
7454.07,1677,High Value,Repeat customer
2107.66,91,High Value,Repeat customer
3834.2599999999998,187,High Value,Repeat customer
4521.49,211,High Value,Repeat customer
3214.69,440,High Value,Repeat customer
5346.2300000000005,316,High Value,Repeat customer
590.0,1,High Value,One-time customer
217.38,96,High Value,Repeat customer
276.56,15,High Value,Repeat customer
138.98,16,High Value,Repeat customer
590.9300000000001,30,High Value,Repeat customer
258.4,8,High Value,Repeat customer
542.73,46,High Value,Repeat customer
137.75,9,High Value,Repeat customer
814.86,85,High Value,Repeat customer
1132.14,37,High Value,Repeat customer
93.66,7,High Value,Repeat customer
201.19,13,High Value,Repeat customer
2709.12,187,High Value,Repeat customer
361.11,42,High Value,Repeat customer
578.9399999999999,31,High Value,Repeat customer
873.74,54,High Value,Repeat customer
201.20000000000002,10,High Value,Repeat customer
87.4,5,High Value,Repeat customer
2089.85,59,High Value,Repeat customer
360.0,2,High Value,Repeat customer
142.5,5,High Value,Repeat customer
371.89,20,High Value,Repeat customer
618.09,81,High Value,Repeat customer
63.75,1,High Value,One-time customer
300.42,21,High Value,Repeat customer
2000.86,81,High Value,Repeat customer
15.0,1,High Value,One-time customer
1385.51,54,High Value,Repeat customer
1456.79,107,High Value,Repeat customer
1132.03,72,High Value,Repeat customer
598.57,26,High Value,Repeat customer
1555.32,78,High Value,Repeat customer
775.94,62,High Value,Repeat customer
5977.7300000000005,87,High Value,Repeat customer
2273.68,124,High Value,Repeat customer
640.76,20,High Value,Repeat customer
10845.550000000001,476,High Value,Repeat customer
1548.7,106,High Value,Repeat customer
567.36,11,High Value,Repeat customer
199.48000000000002,25,High Value,Repeat customer
787.85,21,High Value,Repeat customer
7121.95,75,High Value,Repeat customer
675.3,12,High Value,Repeat customer
3627.77,108,High Value,Repeat customer
1308.48,17,High Value,Repeat customer
789.0,17,High Value,Repeat customer
1140.93,53,High Value,Repeat customer
350.9,21,High Value,Repeat customer
3536.82,268,High Value,Repeat customer
795.12,51,High Value,Repeat customer
487.02,19,High Value,Repeat customer
860.12,54,High Value,Repeat customer
10736.48,134,High Value,Repeat customer
775.85,42,High Value,Repeat customer
353.43,19,High Value,Repeat customer
2543.72,119,High Value,Repeat customer
389.5,20,High Value,Repeat customer
341.36,8,High Value,Repeat customer
233.76,14,High Value,Repeat customer
247.32,16,High Value,Repeat customer
979.12,40,High Value,Repeat customer
373.94,16,High Value,Repeat customer
397.97999999999996,24,High Value,Repeat customer
743.53,51,High Value,Repeat customer
674.7,32,High Value,Repeat customer
768.24,42,High Value,Repeat customer
609.95,90,High Value,Repeat customer
439.03,29,High Value,Repeat customer
439.56,23,High Value,Repeat customer
3090.7400000000002,166,High Value,Repeat customer
992.5,60,High Value,Repeat customer
134.95999999999998,10,High Value,Repeat customer
2225.37,128,High Value,Repeat customer
56.160000000000004,1,High Value,One-time customer
623.4,29,High Value,Repeat customer
308.28000000000003,14,High Value,Repeat customer
754.87,39,High Value,Repeat customer
378.64,23,High Value,Repeat customer
3312.25,158,High Value,Repeat customer
778.65,37,High Value,Repeat customer
1019.76,53,High Value,Repeat customer
572.56,97,High Value,Repeat customer
3639.31,172,High Value,Repeat customer
222.99,15,High Value,Repeat customer
4151.93,152,High Value,Repeat customer
534.57,35,High Value,Repeat customer
677.1,35,High Value,Repeat customer
797.96,51,High Value,Repeat customer
544.08,13,High Value,Repeat customer
59.8,1,High Value,One-time customer
2520.02,155,High Value,Repeat customer
307.72,21,High Value,Repeat customer
1360.99,43,High Value,Repeat customer
1544.13,38,High Value,Repeat customer
457.34,26,High Value,Repeat customer
621.23,39,High Value,Repeat customer
75.0,3,High Value,Repeat customer
252.49,11,High Value,Repeat customer
572.451,27,High Value,Repeat customer
28117.04,478,High Value,Repeat customer
1003.06,28,High Value,Repeat customer
213.55,18,High Value,Repeat customer
1390.5,24,High Value,Repeat customer
712.5,19,High Value,Repeat customer
640.83,28,High Value,Repeat customer
6127.43,304,High Value,Repeat customer
221.06,16,High Value,Repeat customer
159.85,8,High Value,Repeat customer
1851.08,104,High Value,Repeat customer
2626.3,127,High Value,Repeat customer
1624.21,78,High Value,Repeat customer
3641.32,157,High Value,Repeat customer
582.6,29,High Value,Repeat customer
218.47,74,High Value,Repeat customer
1006.8,67,High Value,Repeat customer
679.45,49,High Value,Repeat customer
1269.1,46,High Value,Repeat customer
534.24,10,High Value,Repeat customer
3809.8900000000003,101,High Value,Repeat customer
196.89,12,High Value,Repeat customer
3408.06,167,High Value,Repeat customer
283.71,54,High Value,Repeat customer
296.64,13,High Value,Repeat customer
1129.14,59,High Value,Repeat customer
3539.37,195,High Value,Repeat customer
291.88,19,High Value,Repeat customer
2043.7199999999998,71,High Value,Repeat customer
2976.15,443,High Value,Repeat customer
590.0,2,High Value,Repeat customer
356.97999999999996,17,High Value,Repeat customer
1058.34,46,High Value,Repeat customer
1766.72,63,High Value,Repeat customer
9646.57,382,High Value,Repeat customer
183.44,17,High Value,Repeat customer
1445.0,27,High Value,Repeat customer
151.5,9,High Value,Repeat customer
674.68,41,High Value,Repeat customer
307.9,17,High Value,Repeat customer
1083.71,99,High Value,Repeat customer
5704.97,302,High Value,Repeat customer
165.0,10,High Value,Repeat customer
2531.58,260,High Value,Repeat customer
422.64,21,High Value,Repeat customer
229.59,64,High Value,Repeat customer
1431.78,86,High Value,Repeat customer
1238.47,58,High Value,Repeat customer
1454.58,79,High Value,Repeat customer
300.95,15,High Value,Repeat customer
1804.56,109,High Value,Repeat customer
184.64,11,High Value,Repeat customer
140.34,10,High Value,Repeat customer
313.8,8,High Value,Repeat customer
454.24,23,High Value,Repeat customer
1122.41,69,High Value,Repeat customer
575.4,34,High Value,Repeat customer
8968.31,422,High Value,Repeat customer
449.52,14,High Value,Repeat customer
1215.82,86,High Value,Repeat customer
1269.84,50,High Value,Repeat customer
618.63,8,High Value,Repeat customer
316.26000000000005,18,High Value,Repeat customer
2044.8700000000001,48,High Value,Repeat customer
653.33,35,High Value,Repeat customer
348.05,19,High Value,Repeat customer
1159.11,42,High Value,Repeat customer
1166.77,65,High Value,Repeat customer
1340.32,52,High Value,Repeat customer
292.0,18,High Value,Repeat customer
216.85,17,High Value,Repeat customer
295.93,22,High Value,Repeat customer
4393.63,215,High Value,Repeat customer
458.52,26,High Value,Repeat customer
2479.16,162,High Value,Repeat customer
110.97,12,High Value,Repeat customer
979.72,44,High Value,Repeat customer
1791.56,115,High Value,Repeat customer
251.21,15,High Value,Repeat customer
205.1,10,High Value,Repeat customer
152.20000000000002,4,High Value,Repeat customer
891.12,59,High Value,Repeat customer
1389.41,44,High Value,Repeat customer
2128.42,141,High Value,Repeat customer
659.4399999999999,38,High Value,Repeat customer
122.75,8,High Value,Repeat customer
3624.35,93,High Value,Repeat customer
1093.65,436,High Value,Repeat customer
125.80000000000001,5,High Value,Repeat customer
3964.88,172,High Value,Repeat customer
680.1800000000001,27,High Value,Repeat customer
628.78,6,High Value,Repeat customer
2287.51,223,High Value,Repeat customer
307.76,15,High Value,Repeat customer
483.8,22,High Value,Repeat customer
210.31,66,High Value,Repeat customer
270.79,76,High Value,Repeat customer
5870.08,296,High Value,Repeat customer
3448.29,179,High Value,Repeat customer
1280.85,25,High Value,Repeat customer
631.34,37,High Value,Repeat customer
291.41,87,High Value,Repeat customer
626.99,98,High Value,Repeat customer
682.41,124,High Value,Repeat customer
918.2,51,High Value,Repeat customer
91.80000000000001,4,High Value,Repeat customer
3740.07,109,High Value,Repeat customer
4149.28,136,High Value,Repeat customer
584.06,34,High Value,Repeat customer
605.06,175,High Value,Repeat customer
174.37,33,High Value,Repeat customer
141.85999999999999,14,High Value,Repeat customer
1799.33,82,High Value,Repeat customer
777.53,49,High Value,Repeat customer
1749.02,83,High Value,Repeat customer
240.22,38,High Value,Repeat customer
874.71,176,High Value,Repeat customer
192.85,44,High Value,Repeat customer
373.75,85,High Value,Repeat customer
239.49,27,High Value,Repeat customer
2092.32,341,High Value,Repeat customer
1384.25,33,High Value,Repeat customer
294.4,26,High Value,Repeat customer
732.0699999999999,46,High Value,Repeat customer
6717.34,126,High Value,Repeat customer
1687.6000000000001,83,High Value,Repeat customer
467.04,23,High Value,Repeat customer
118.0,10,High Value,Repeat customer
781.03,53,High Value,Repeat customer
142.4,24,High Value,Repeat customer
712.4,8,High Value,Repeat customer
2478.95,174,High Value,Repeat customer
379.65,21,High Value,Repeat customer
1981.92,87,High Value,Repeat customer
1117.13,58,High Value,Repeat customer
247.95999999999998,16,High Value,Repeat customer
2037.0800000000002,128,High Value,Repeat customer
396.97,26,High Value,Repeat customer
697.04,166,High Value,Repeat customer
180.17000000000002,40,High Value,Repeat customer
5153.67,247,High Value,Repeat customer
219.52,19,High Value,Repeat customer
693.32,99,High Value,Repeat customer
428.89,23,High Value,Repeat customer
164.34,27,High Value,Repeat customer
280.53999999999996,43,High Value,Repeat customer
678.01,98,High Value,Repeat customer
1131.88,226,High Value,Repeat customer
1171.8,74,High Value,Repeat customer
1610.46,201,High Value,Repeat customer
417.69,23,High Value,Repeat customer
544.18,44,High Value,Repeat customer
177.34,13,High Value,Repeat customer
213.85,19,High Value,Repeat customer
747.78,81,High Value,Repeat customer
257.23,19,High Value,Repeat customer
1638.47,92,High Value,Repeat customer
7792.36,59,High Value,Repeat customer
2031.78,71,High Value,Repeat customer
3070.42,11,High Value,Repeat customer
2121.27,146,High Value,Repeat customer
1575.16,188,High Value,Repeat customer
1071.03,62,High Value,Repeat customer
949.12,63,High Value,Repeat customer
810.5,101,High Value,Repeat customer
122.64,8,High Value,Repeat customer
1033.34,40,High Value,Repeat customer
354.8,66,High Value,Repeat customer
519.44,28,High Value,Repeat customer
2624.26,146,High Value,Repeat customer
252.1,5,High Value,Repeat customer
1678.1200000000001,79,High Value,Repeat customer
346.6,23,High Value,Repeat customer
1836.34,96,High Value,Repeat customer
94.2,6,High Value,Repeat customer
1095.08,63,High Value,Repeat customer
2707.33,166,High Value,Repeat customer
932.97,56,High Value,Repeat customer
379.65,49,High Value,Repeat customer
382.14,16,High Value,Repeat customer
2639.17,108,High Value,Repeat customer
1573.2,104,High Value,Repeat customer
897.76,53,High Value,Repeat customer
189.47,13,High Value,Repeat customer
84.65,12,High Value,Repeat customer
305.02,87,High Value,Repeat customer
6363.59,470,High Value,Repeat customer
218.55,9,High Value,Repeat customer
349.7,25,High Value,Repeat customer
186.39000000000001,6,High Value,Repeat customer
396.92,65,High Value,Repeat customer
486.82000000000005,25,High Value,Repeat customer
232.6,16,High Value,Repeat customer
3722.42,195,High Value,Repeat customer
827.83,57,High Value,Repeat customer
59.5,3,High Value,Repeat customer
67.23,30,High Value,Repeat customer
3119.44,39,High Value,Repeat customer
72.0,8,High Value,Repeat customer
910.0,6,High Value,Repeat customer
172.25,9,High Value,Repeat customer
1488.32,53,High Value,Repeat customer
65039.62,568,High Value,Repeat customer
2504.13,90,High Value,Repeat customer
151.29999999999998,12,High Value,Repeat customer
308.58000000000004,14,High Value,Repeat customer
2265.12,197,High Value,Repeat customer
99.5,1,High Value,One-time customer
2308.06,134,High Value,Repeat customer
711.86,28,High Value,Repeat customer
330.79,20,High Value,Repeat customer
806.41,48,High Value,Repeat customer
296.88,51,High Value,Repeat customer
6328.05,336,High Value,Repeat customer
180.48,8,High Value,Repeat customer
252.06,13,High Value,Repeat customer
228.84,10,High Value,Repeat customer
1079.34,105,High Value,Repeat customer
138.28,21,High Value,Repeat customer
1445.01,102,High Value,Repeat customer
306.55,12,High Value,Repeat customer
1041.68,60,High Value,Repeat customer
799.9,43,High Value,Repeat customer
524.14,28,High Value,Repeat customer
2375.41,85,High Value,Repeat customer
199.85000000000002,6,High Value,Repeat customer
1980.56,104,High Value,Repeat customer
1079.6599999999999,42,High Value,Repeat customer
333.48,20,High Value,Repeat customer
1016.14,63,High Value,Repeat customer
752.6,43,High Value,Repeat customer
610.59,38,High Value,Repeat customer
491.86,33,High Value,Repeat customer
2885.2400000000002,196,High Value,Repeat customer
731.9,191,High Value,Repeat customer
339.59999999999997,30,High Value,Repeat customer
216.9,3,High Value,Repeat customer
350.75,23,High Value,Repeat customer
668.4300000000001,34,High Value,Repeat customer
3131.02,321,High Value,Repeat customer
1341.6,41,High Value,Repeat customer
1156.36,72,High Value,Repeat customer
300.04,25,High Value,Repeat customer
79.6,1,High Value,One-time customer
948.25,28,High Value,Repeat customer
1647.26,24,High Value,Repeat customer
296.25,9,High Value,Repeat customer
1186.28,76,High Value,Repeat customer
741.26,35,High Value,Repeat customer
282.59999999999997,12,High Value,Repeat customer
2161.35,342,High Value,Repeat customer
5189.52,142,High Value,Repeat customer
3190.55,117,High Value,Repeat customer
659.4100000000001,25,High Value,Repeat customer
286.79,57,High Value,Repeat customer
1070.65,70,High Value,Repeat customer
306.72,7,High Value,Repeat customer
1714.96,15,High Value,Repeat customer
1521.76,208,High Value,Repeat customer
17220.36,368,High Value,Repeat customer
2796.51,135,High Value,Repeat customer
2634.45,119,High Value,Repeat customer
1132.13,177,High Value,Repeat customer
345.0,22,High Value,Repeat customer
25977.16,197,High Value,Repeat customer
178.7,9,High Value,Repeat customer
360.01,57,High Value,Repeat customer
127.84,17,High Value,Repeat customer
912.0,115,High Value,Repeat customer
2462.79,31,High Value,Repeat customer
230.39999999999998,7,High Value,Repeat customer
309.04,31,High Value,Repeat customer
348.8,45,High Value,Repeat customer
1516.0,11,High Value,Repeat customer
195.55,13,High Value,Repeat customer
37153.85,349,High Value,Repeat customer
688.86,39,High Value,Repeat customer
558.32,33,High Value,Repeat customer
324.8,23,High Value,Repeat customer
4599.42,60,High Value,Repeat customer
277.07,17,High Value,Repeat customer
2635.79,137,High Value,Repeat customer
924.6,13,High Value,Repeat customer
256.38,10,High Value,Repeat customer
112.6,7,High Value,Repeat customer
1747.66,76,High Value,Repeat customer
155.05,12,High Value,Repeat customer
1499.01,35,High Value,Repeat customer
814.5,13,High Value,Repeat customer
539.0,36,High Value,Repeat customer
1366.8600000000001,69,High Value,Repeat customer
1579.12,57,High Value,Repeat customer
4027.36,176,High Value,Repeat customer
571.6700000000001,28,High Value,Repeat customer
382.98,24,High Value,Repeat customer
1140.35,36,High Value,Repeat customer
385.64,59,High Value,Repeat customer
632.0,96,High Value,Repeat customer
957.66,40,High Value,Repeat customer
1698.94,46,High Value,Repeat customer
189.5,10,High Value,Repeat customer
412.05,93,High Value,Repeat customer
209.49,15,High Value,Repeat customer
2202.99,74,High Value,Repeat customer
52.199999999999996,3,High Value,Repeat customer
384.8,29,High Value,Repeat customer
834.57,55,High Value,Repeat customer
271.24,19,High Value,Repeat customer
691.73,174,High Value,Repeat customer
85.0,1,High Value,One-time customer
3385.62,206,High Value,Repeat customer
361.62,20,High Value,Repeat customer
312.98,9,High Value,Repeat customer
865.0600000000001,55,High Value,Repeat customer
1255.0,5,High Value,Repeat customer
1537.95,101,High Value,Repeat customer
1595.48,93,High Value,Repeat customer
2651.46,81,High Value,Repeat customer
1090.14,23,High Value,Repeat customer
8109.5199999999995,110,High Value,Repeat customer
388.5,14,High Value,Repeat customer
216.17,11,High Value,Repeat customer
201.16,28,High Value,Repeat customer
1245.9,76,High Value,Repeat customer
2209.36,139,High Value,Repeat customer
305.78,20,High Value,Repeat customer
501.56,30,High Value,Repeat customer
145.67000000000002,7,High Value,Repeat customer
1015.29,61,High Value,Repeat customer
3192.54,33,High Value,Repeat customer
3104.95,307,High Value,Repeat customer
2770.94,115,High Value,Repeat customer
6403.25,336,High Value,Repeat customer
389.6,23,High Value,Repeat customer
540.45,18,High Value,Repeat customer
1786.79,104,High Value,Repeat customer
122.7,7,High Value,Repeat customer
117.24,3,High Value,Repeat customer
1281.53,36,High Value,Repeat customer
3219.77,165,High Value,Repeat customer
17159.52,178,High Value,Repeat customer
1191.13,65,High Value,Repeat customer
2674.48,142,High Value,Repeat customer
787.6,59,High Value,Repeat customer
506.8,28,High Value,Repeat customer
243.56,16,High Value,Repeat customer
349.55,19,High Value,Repeat customer
605.63,40,High Value,Repeat customer
416.90000000000003,15,High Value,Repeat customer
1883.8100000000002,110,High Value,Repeat customer
632.97,27,High Value,Repeat customer
821.1,21,High Value,Repeat customer
564.62,27,High Value,Repeat customer
2593.07,118,High Value,Repeat customer
311.16,17,High Value,Repeat customer
155.93,12,High Value,Repeat customer
388.52,19,High Value,Repeat customer
740.95,43,High Value,Repeat customer
2867.2,149,High Value,Repeat customer
332.64,26,High Value,Repeat customer
2369.55,122,High Value,Repeat customer
2580.91,148,High Value,Repeat customer
626.45,33,High Value,Repeat customer
272.04,18,High Value,Repeat customer
1212.8400000000001,30,High Value,Repeat customer
384.81,28,High Value,Repeat customer
172.25,7,High Value,Repeat customer
351.13,20,High Value,Repeat customer
1838.8500000000001,117,High Value,Repeat customer
678.25,41,High Value,Repeat customer
223.85000000000002,11,High Value,Repeat customer
348.99,21,High Value,Repeat customer
464.57,27,High Value,Repeat customer
842.65,9,High Value,Repeat customer
337.34,17,High Value,Repeat customer
1237.53,58,High Value,Repeat customer
307.4,16,High Value,Repeat customer
608.7900000000001,23,High Value,Repeat customer
922.1,31,High Value,Repeat customer
376.58,26,High Value,Repeat customer
158.85,9,High Value,Repeat customer
71.66,7,High Value,Repeat customer
568.55,45,High Value,Repeat customer
839.14,49,High Value,Repeat customer
5112.96,45,High Value,Repeat customer
561.5699999999999,11,High Value,Repeat customer
90.6,5,High Value,Repeat customer
102.0,3,High Value,Repeat customer
2427.32,160,High Value,Repeat customer
745.06,35,High Value,Repeat customer
674.45,39,High Value,Repeat customer
3251.071,137,High Value,Repeat customer
3515.68,20,High Value,Repeat customer
439.92,25,High Value,Repeat customer
322.96,33,High Value,Repeat customer
1026.42,152,High Value,Repeat customer
598.2,92,High Value,Repeat customer
230.22,12,High Value,Repeat customer
169.55,11,High Value,Repeat customer
664.54,35,High Value,Repeat customer
80.7,2,High Value,Repeat customer
9053.94,626,High Value,Repeat customer
2758.26,149,High Value,Repeat customer
190.25,15,High Value,Repeat customer
264.7,11,High Value,Repeat customer
413.59000000000003,28,High Value,Repeat customer
2526.28,338,High Value,Repeat customer
357.98,10,High Value,Repeat customer
196.79000000000002,15,High Value,Repeat customer
869.87,54,High Value,Repeat customer
200.14,11,High Value,Repeat customer
1871.81,111,High Value,Repeat customer
2603.43,107,High Value,Repeat customer
920.51,16,High Value,Repeat customer
7060.13,349,High Value,Repeat customer
320.46,13,High Value,Repeat customer
4147.96,234,High Value,Repeat customer
1266.08,41,High Value,Repeat customer
311.3,16,High Value,Repeat customer
855.97,84,High Value,Repeat customer
76.8,5,High Value,Repeat customer
3466.36,121,High Value,Repeat customer
2313.14,155,High Value,Repeat customer
1393.69,86,High Value,Repeat customer
3901.81,208,High Value,Repeat customer
635.66,15,High Value,Repeat customer
2043.0800000000002,39,High Value,Repeat customer
529.73,47,High Value,Repeat customer
4582.64,171,High Value,Repeat customer
2874.72,84,High Value,Repeat customer
962.19,30,High Value,Repeat customer
695.61,42,High Value,Repeat customer
328.8,11,High Value,Repeat customer
473.02,34,High Value,Repeat customer
505.18,39,High Value,Repeat customer
917.34,20,High Value,Repeat customer
4341.21,161,High Value,Repeat customer
1421.61,66,High Value,Repeat customer
642.8,39,High Value,Repeat customer
631.9,22,High Value,Repeat customer
440.0,28,High Value,Repeat customer
584.07,31,High Value,Repeat customer
327.7,16,High Value,Repeat customer
104.82,6,High Value,Repeat customer
467.66,15,High Value,Repeat customer
2360.09,243,High Value,Repeat customer
17286.86,250,High Value,Repeat customer
2975.59,143,High Value,Repeat customer
651.8199999999999,89,High Value,Repeat customer
1428.02,66,High Value,Repeat customer
626.65,38,High Value,Repeat customer
147.20000000000002,28,High Value,Repeat customer
1560.38,92,High Value,Repeat customer
152.2,6,High Value,Repeat customer
3614.92,235,High Value,Repeat customer
141.41,21,High Value,Repeat customer
652.82,209,High Value,Repeat customer
1659.75,6,High Value,Repeat customer
154.99,14,High Value,Repeat customer
1308.6100000000001,32,High Value,Repeat customer
409.93,85,High Value,Repeat customer
5681.72,488,High Value,Repeat customer
746.36,54,High Value,Repeat customer
15610.390000000001,210,High Value,Repeat customer
225.36,56,High Value,Repeat customer
260.25,4,High Value,Repeat customer
92.46,6,High Value,Repeat customer
725.6400000000001,10,High Value,Repeat customer
8214.65,1106,High Value,Repeat customer
6217.96,284,High Value,Repeat customer
183.6,8,High Value,Repeat customer
6140.42,202,High Value,Repeat customer
10464.85,111,High Value,Repeat customer
1353.74,80,High Value,Repeat customer
152.55,7,High Value,Repeat customer
374.7,52,High Value,Repeat customer
265.85,24,High Value,Repeat customer
1438.82,324,High Value,Repeat customer
151.04,13,High Value,Repeat customer
942.26,43,High Value,Repeat customer
122.47,46,High Value,Repeat customer
499.41999999999996,42,High Value,Repeat customer
1049.37,65,High Value,Repeat customer
375.1,12,High Value,Repeat customer
45.599999999999994,4,High Value,Repeat customer
934.52,153,High Value,Repeat customer
182.25,29,High Value,Repeat customer
1018.43,181,High Value,Repeat customer
4448.54,450,High Value,Repeat customer
194.42,69,High Value,Repeat customer
50491.81,589,High Value,Repeat customer
161.0,14,High Value,Repeat customer
76.32000000000001,1,High Value,One-time customer
4076.91,214,High Value,Repeat customer
442.85,105,High Value,Repeat customer
65164.79,5111,Low Value,Repeat customer
147.35,21,High Value,Repeat customer
3104.17,250,High Value,Repeat customer
194.9,26,High Value,Repeat customer
5976.79,35,High Value,Repeat customer
1360.28,79,High Value,Repeat customer
216.20999999999998,21,High Value,Repeat customer
1266.23,74,High Value,Repeat customer
2703.23,123,High Value,Repeat customer
597.91,34,High Value,Repeat customer
144.2,9,High Value,Repeat customer
5683.15,155,High Value,Repeat customer
692.85,10,High Value,Repeat customer
2915.15,160,High Value,Repeat customer
1840.42,34,High Value,Repeat customer
386.53,15,High Value,Repeat customer
1382.74,72,High Value,Repeat customer
90.0,3,High Value,Repeat customer
2780.15,159,High Value,Repeat customer
419.58000000000004,5,High Value,Repeat customer
2740.43,167,High Value,Repeat customer
706.1300000000001,15,High Value,Repeat customer
709.71,44,High Value,Repeat customer
637.5,46,High Value,Repeat customer
1123.8600000000001,52,High Value,Repeat customer
483.86,67,High Value,Repeat customer
3586.0299999999997,200,High Value,Repeat customer
605.64,28,High Value,Repeat customer
4690.31,134,High Value,Repeat customer
982.3800000000001,47,High Value,Repeat customer
415.82,26,High Value,Repeat customer
935.05,66,High Value,Repeat customer
915.13,40,High Value,Repeat customer
311.81,22,High Value,Repeat customer
115.8,7,High Value,Repeat customer
3742.2,11,High Value,Repeat customer
4191.0,210,High Value,Repeat customer
483.4,5,High Value,Repeat customer
157.2,3,High Value,Repeat customer
446.62,28,High Value,Repeat customer
658.64,26,High Value,Repeat customer
621.29,49,High Value,Repeat customer
1345.62,52,High Value,Repeat customer
118.75,6,High Value,Repeat customer
117379.63,1400,Medium value,Repeat customer
432.88,48,High Value,Repeat customer
507.66,41,High Value,Repeat customer
4693.01,1204,High Value,Repeat customer
1110.52,108,High Value,Repeat customer
289.36,25,High Value,Repeat customer
2445.91,52,High Value,Repeat customer
1631.77,29,High Value,Repeat customer
122.53999999999999,25,High Value,Repeat customer
574.84,52,High Value,Repeat customer
363.79,58,High Value,Repeat customer
450.84,29,High Value,Repeat customer
134.46,26,High Value,Repeat customer
3222.3,149,High Value,Repeat customer
576.9000000000001,31,High Value,Repeat customer
559.41,42,High Value,Repeat customer
1620.93,327,High Value,Repeat customer
719.78,165,High Value,Repeat customer
4748.52,240,High Value,Repeat customer
452.89,24,High Value,Repeat customer
197.65,3,High Value,Repeat customer
2054.36,65,High Value,Repeat customer
4654.08,265,High Value,Repeat customer
4684.76,259,High Value,Repeat customer
853.39,42,High Value,Repeat customer
11349.52,579,High Value,Repeat customer
1012.0,7,High Value,Repeat customer
335.52,6,High Value,Repeat customer
701.4,39,High Value,Repeat customer
185.39999999999998,2,High Value,Repeat customer
747.44,37,High Value,Repeat customer
161.03,44,High Value,Repeat customer
466.7,24,High Value,Repeat customer
328.15999999999997,20,High Value,Repeat customer
151.74,10,High Value,Repeat customer
2073.43,87,High Value,Repeat customer
1905.8400000000001,102,High Value,Repeat customer
2241.1,112,High Value,Repeat customer
1070.48,9,High Value,Repeat customer
1004.38,67,High Value,Repeat customer
1789.72,108,High Value,Repeat customer
1839.3,59,High Value,Repeat customer
2004.98,100,High Value,Repeat customer
169.48000000000002,12,High Value,Repeat customer
89.94,7,High Value,Repeat customer
632.4,21,High Value,Repeat customer
3432.8,193,High Value,Repeat customer
683.17,41,High Value,Repeat customer
991.13,60,High Value,Repeat customer
1050.12,118,High Value,Repeat customer
2232.19,67,High Value,Repeat customer
3350.96,175,High Value,Repeat customer
1547.2,40,High Value,Repeat customer
925.71,50,High Value,Repeat customer
2048.07,115,High Value,Repeat customer
1462.72,35,High Value,Repeat customer
775.46,159,High Value,Repeat customer
3144.86,79,High Value,Repeat customer
490.86,15,High Value,Repeat customer
161.0,9,High Value,Repeat customer
146.85,8,High Value,Repeat customer
2380.85,112,High Value,Repeat customer
890.34,42,High Value,Repeat customer
213.70000000000002,10,High Value,Repeat customer
280.55,16,High Value,Repeat customer
2588.77,141,High Value,Repeat customer
1693.45,108,High Value,Repeat customer
1474.06,75,High Value,Repeat customer
136.76999999999998,20,High Value,Repeat customer
302.58,8,High Value,Repeat customer
1904.05,111,High Value,Repeat customer
2879.7000000000003,78,High Value,Repeat customer
969.0600000000001,53,High Value,Repeat customer
3099.7200000000003,106,High Value,Repeat customer
12669.98,111,High Value,Repeat customer
120.0,5,High Value,Repeat customer
1163.45,52,High Value,Repeat customer
2618.23,143,High Value,Repeat customer
333.97,17,High Value,Repeat customer
530.18,31,High Value,Repeat customer
1516.24,55,High Value,Repeat customer
492.65000000000003,29,High Value,Repeat customer
112.32,10,High Value,Repeat customer
437.96,33,High Value,Repeat customer
559.97,29,High Value,Repeat customer
1119.74,64,High Value,Repeat customer
4216.2,225,High Value,Repeat customer
134.04,8,High Value,Repeat customer
3729.34,156,High Value,Repeat customer
595.25,32,High Value,Repeat customer
1910.01,27,High Value,Repeat customer
4628.75,280,High Value,Repeat customer
176.63,9,High Value,Repeat customer
426.6,16,High Value,Repeat customer
911.26,47,High Value,Repeat customer
2314.65,101,High Value,Repeat customer
3883.25,237,High Value,Repeat customer
4871.93,100,High Value,Repeat customer
1046.56,61,High Value,Repeat customer
166.20000000000002,5,High Value,Repeat customer
1305.33,62,High Value,Repeat customer
51527.3,1637,High Value,Repeat customer
3965.62,143,High Value,Repeat customer
43.2,3,High Value,Repeat customer
640.14,13,High Value,Repeat customer
383.45,17,High Value,Repeat customer
1858.96,105,High Value,Repeat customer
2093.32,33,High Value,Repeat customer
2995.72,180,High Value,Repeat customer
2352.53,117,High Value,Repeat customer
310.26,20,High Value,Repeat customer
1611.59,87,High Value,Repeat customer
120.0,8,High Value,Repeat customer
2481.13,101,High Value,Repeat customer
508.58000000000004,24,High Value,Repeat customer
477.79,31,High Value,Repeat customer
1530.75,123,High Value,Repeat customer
605.0600000000001,36,High Value,Repeat customer
183.85,8,High Value,Repeat customer
311.65,12,High Value,Repeat customer
5014.84,259,High Value,Repeat customer
462.65999999999997,28,High Value,Repeat customer
866.31,26,High Value,Repeat customer
415.2,15,High Value,Repeat customer
2552.21,162,High Value,Repeat customer
468.26,63,High Value,Repeat customer
1614.91,90,High Value,Repeat customer
588.22,31,High Value,Repeat customer
309.52,14,High Value,Repeat customer
134.7,6,High Value,Repeat customer
2182.28,129,High Value,Repeat customer
668.5600000000001,21,High Value,Repeat customer
889.9300000000001,71,High Value,Repeat customer
108.97999999999999,6,High Value,Repeat customer
1021.58,60,High Value,Repeat customer
409.57,18,High Value,Repeat customer
133.5,31,High Value,Repeat customer
282.93,18,High Value,Repeat customer
51.0,1,High Value,One-time customer
1078.96,47,High Value,Repeat customer
90.6,6,High Value,Repeat customer
163.62,9,High Value,Repeat customer
174.4,11,High Value,Repeat customer
701.23,33,High Value,Repeat customer
225.77,41,High Value,Repeat customer
912.18,55,High Value,Repeat customer
2128.23,118,High Value,Repeat customer
161.2,41,High Value,Repeat customer
3717.35,69,High Value,Repeat customer
9261.52,524,High Value,Repeat customer
155.0,8,High Value,Repeat customer
100.5,4,High Value,Repeat customer
76.55,4,High Value,Repeat customer
257.68,75,High Value,Repeat customer
617.05,11,High Value,Repeat customer
348.1,46,High Value,Repeat customer
202.68,56,High Value,Repeat customer
626.0699999999999,131,High Value,Repeat customer
1247.69,59,High Value,Repeat customer
202.11,14,High Value,Repeat customer
142.4,7,High Value,Repeat customer
1770.56,140,High Value,Repeat customer
3212.84,186,High Value,Repeat customer
1043.46,45,High Value,Repeat customer
4652.82,286,High Value,Repeat customer
67.95,5,High Value,Repeat customer
3507.71,350,High Value,Repeat customer
487.99,73,High Value,Repeat customer
2612.96,87,High Value,Repeat customer
574.7,25,High Value,Repeat customer
4051.48,182,High Value,Repeat customer
1475.81,20,High Value,Repeat customer
1474.32,103,High Value,Repeat customer
156.75,8,High Value,Repeat customer
2157.73,73,High Value,Repeat customer
2606.53,107,High Value,Repeat customer
2059.4500000000003,54,High Value,Repeat customer
1105.07,193,High Value,Repeat customer
1063.0,14,High Value,Repeat customer
770.03,43,High Value,Repeat customer
122.7,23,High Value,Repeat customer
1496.98,97,High Value,Repeat customer
5900.28,590,High Value,Repeat customer
490.22,14,High Value,Repeat customer
1937.25,124,High Value,Repeat customer
1058.06,206,High Value,Repeat customer
387.52,29,High Value,Repeat customer
813.11,27,High Value,Repeat customer
4263.64,222,High Value,Repeat customer
265.2,3,High Value,Repeat customer
322.08,1,High Value,One-time customer
4481.67,224,High Value,Repeat customer
363.34000000000003,17,High Value,Repeat customer
1244.83,144,High Value,Repeat customer
470.36,17,High Value,Repeat customer
2255.51,382,High Value,Repeat customer
1372.8,12,High Value,Repeat customer
89.06,9,High Value,Repeat customer
63.0,5,High Value,Repeat customer
131.9,9,High Value,Repeat customer
2661.24,32,High Value,Repeat customer
2357.6800000000003,55,High Value,Repeat customer
1712.89,51,High Value,Repeat customer
1589.82,63,High Value,Repeat customer
1420.2,93,High Value,Repeat customer
1039.58,293,High Value,Repeat customer
1163.23,70,High Value,Repeat customer
375.35,20,High Value,Repeat customer
907.1,258,High Value,Repeat customer
483.25,40,High Value,Repeat customer
662.59,109,High Value,Repeat customer
264.44,62,High Value,Repeat customer
119.93,22,High Value,Repeat customer
3062.4,970,High Value,Repeat customer
113.64,4,High Value,Repeat customer
1837.92,37,High Value,Repeat customer
434.34,16,High Value,Repeat customer
2103.06,180,High Value,Repeat customer
2004.02,240,High Value,Repeat customer
529.62,6,High Value,Repeat customer
1058.6200000000001,130,High Value,Repeat customer
2272.4,72,High Value,Repeat customer
598.76,90,High Value,Repeat customer
461.19,43,High Value,Repeat customer
1936.84,281,High Value,Repeat customer
234.34000000000003,7,High Value,Repeat customer
547.66,29,High Value,Repeat customer
925.85,42,High Value,Repeat customer
215.7,19,High Value,Repeat customer
1309.6,10,High Value,Repeat customer
316.25,18,High Value,Repeat customer
279.05,13,High Value,Repeat customer
636.51,30,High Value,Repeat customer
2068.15,144,High Value,Repeat customer
137.1,9,High Value,Repeat customer
321.92,14,High Value,Repeat customer
165.75,47,High Value,Repeat customer
1196.33,144,High Value,Repeat customer
1064.28,46,High Value,Repeat customer
463.38,30,High Value,Repeat customer
340.93,17,High Value,Repeat customer
2383.2400000000002,120,High Value,Repeat customer
139.56,7,High Value,Repeat customer
123.8,6,High Value,Repeat customer
538.8100000000001,19,High Value,Repeat customer
475.37,29,High Value,Repeat customer
1957.32,193,High Value,Repeat customer
815.32,194,High Value,Repeat customer
356.85,7,High Value,Repeat customer
251.21,10,High Value,Repeat customer
2470.67,624,High Value,Repeat customer
3543.26,164,High Value,Repeat customer
673.26,107,High Value,Repeat customer
5905.64,799,High Value,Repeat customer
2012.17,316,High Value,Repeat customer
1383.18,96,High Value,Repeat customer
276.42,57,High Value,Repeat customer
1314.81,68,High Value,Repeat customer
275.28,23,High Value,Repeat customer
455.59000000000003,12,High Value,Repeat customer
1055.35,73,High Value,Repeat customer
2102.09,101,High Value,Repeat customer
330.45,18,High Value,Repeat customer
174.37,16,High Value,Repeat customer
270.6,4,High Value,Repeat customer
974.54,17,High Value,Repeat customer
241.09,12,High Value,Repeat customer
1867.68,203,High Value,Repeat customer
4332.2,291,High Value,Repeat customer
8508.82,972,High Value,Repeat customer
364.21999999999997,18,High Value,Repeat customer
620.04,229,High Value,Repeat customer
2925.91,216,High Value,Repeat customer
932.85,64,High Value,Repeat customer
1949.72,62,High Value,Repeat customer
4447.05,519,High Value,Repeat customer
2864.19,330,High Value,Repeat customer
171.8,19,High Value,Repeat customer
355.56,10,High Value,Repeat customer
388.25,19,High Value,Repeat customer
537.48,32,High Value,Repeat customer
996.26,76,High Value,Repeat customer
1461.65,111,High Value,Repeat customer
103.25,5,High Value,Repeat customer
3630.33,72,High Value,Repeat customer
2024.45,114,High Value,Repeat customer
2578.09,399,High Value,Repeat customer
4007.54,366,High Value,Repeat customer
652.8,4,High Value,Repeat customer
289.24,56,High Value,Repeat customer
765.62,48,High Value,Repeat customer
186.23,10,High Value,Repeat customer
165.07,58,High Value,Repeat customer
859.27,113,High Value,Repeat customer
2381.04,216,High Value,Repeat customer
324.14,21,High Value,Repeat customer
788.38,16,High Value,Repeat customer
2237.77,74,High Value,Repeat customer
1080.76,69,High Value,Repeat customer
5074.77,423,High Value,Repeat customer
3099.12,127,High Value,Repeat customer
1432.0,4,High Value,Repeat customer
1530.3600000000001,33,High Value,Repeat customer
227.39,12,High Value,Repeat customer
218.06,29,High Value,Repeat customer
2832.84,270,High Value,Repeat customer
1653.42,235,High Value,Repeat customer
35.400000000000006,1,High Value,One-time customer
859.71,123,High Value,Repeat customer
168.63,24,High Value,Repeat customer
138.6,17,High Value,Repeat customer
114.11,6,High Value,Repeat customer
1052.55,330,High Value,Repeat customer
1042.26,100,High Value,Repeat customer
157.05,29,High Value,Repeat customer
237.36,19,High Value,Repeat customer
1601.14,383,High Value,Repeat customer
39.75,3,High Value,Repeat customer
1447.14,197,High Value,Repeat customer
570.46,164,High Value,Repeat customer
617.99,152,High Value,Repeat customer
379.83,53,High Value,Repeat customer
1740.6,102,High Value,Repeat customer
883.15,55,High Value,Repeat customer
221.97,50,High Value,Repeat customer
393.33000000000004,25,High Value,Repeat customer
213.96,7,High Value,Repeat customer
660.0,2,High Value,Repeat customer
12156.65,2700,Low Value,Repeat customer
16569.5,86,High Value,Repeat customer
1785.15,20,High Value,Repeat customer
601.56,4,High Value,Repeat customer
406.08000000000004,3,High Value,Repeat customer
553.44,16,High Value,Repeat customer
394.44,20,High Value,Repeat customer
412.78000000000003,26,High Value,Repeat customer
1788.3600000000001,92,High Value,Repeat customer
320.58000000000004,21,High Value,Repeat customer
889.25,134,High Value,Repeat customer
225.85,13,High Value,Repeat customer
899.63,53,High Value,Repeat customer
2791.27,122,High Value,Repeat customer
671.96,24,High Value,Repeat customer
959.01,152,High Value,Repeat customer
1006.98,41,High Value,Repeat customer
114.56,8,High Value,Repeat customer
344.90000000000003,20,High Value,Repeat customer
609.85,28,High Value,Repeat customer
443.6,16,High Value,Repeat customer
2984.49,172,High Value,Repeat customer
2125.08,106,High Value,Repeat customer
110.46,7,High Value,Repeat customer
96.12,2,High Value,Repeat customer
693.8100000000001,31,High Value,Repeat customer
830.76,26,High Value,Repeat customer
597.09,30,High Value,Repeat customer
280206.02,2076,Medium value,Repeat customer
243.22,30,High Value,Repeat customer
1417.29,199,High Value,Repeat customer
654.6,102,High Value,Repeat customer
114.18,29,High Value,Repeat customer
1947.55,237,High Value,Repeat customer
1932.23,49,High Value,Repeat customer
291.05,80,High Value,Repeat customer
848.22,126,High Value,Repeat customer
247.15,29,High Value,Repeat customer
2529.93,253,High Value,Repeat customer
285.74,30,High Value,Repeat customer
107.95,4,High Value,Repeat customer
771.17,168,High Value,Repeat customer
637.89,99,High Value,Repeat customer
1835.7,90,High Value,Repeat customer
195.25,14,High Value,Repeat customer
9241.2,573,High Value,Repeat customer
1269.99,170,High Value,Repeat customer
411.53,132,High Value,Repeat customer
765.55,61,High Value,Repeat customer
1736.4,74,High Value,Repeat customer
604.75,102,High Value,Repeat customer
2548.2400000000002,42,High Value,Repeat customer
28754.11,258,High Value,Repeat customer
498.95,7,High Value,Repeat customer
52.0,2,High Value,Repeat customer
1236.28,421,High Value,Repeat customer
628.38,15,High Value,Repeat customer
5630.87,327,High Value,Repeat customer
112.8,13,High Value,Repeat customer
371.7,50,High Value,Repeat customer
2114.33,71,High Value,Repeat customer
591.55,68,High Value,Repeat customer
172.9,8,High Value,Repeat customer
2078.95,130,High Value,Repeat customer
188.60999999999999,22,High Value,Repeat customer
1250.76,210,High Value,Repeat customer
109.13000000000001,8,High Value,Repeat customer
2235.3,115,High Value,Repeat customer
2549.37,335,High Value,Repeat customer
3292.14,347,High Value,Repeat customer
318.17,22,High Value,Repeat customer
1546.91,415,High Value,Repeat customer
179.0,1,High Value,One-time customer
1126.37,28,High Value,Repeat customer
4921.04,196,High Value,Repeat customer
606.13,139,High Value,Repeat customer
2868.8,357,High Value,Repeat customer
917.07,25,High Value,Repeat customer
2666.36,339,High Value,Repeat customer
160.19,10,High Value,Repeat customer
867.38,71,High Value,Repeat customer
329.68,55,High Value,Repeat customer
1602.13,237,High Value,Repeat customer
663.81,37,High Value,Repeat customer
187.92000000000002,29,High Value,Repeat customer
1158.3,278,High Value,Repeat customer
718.08,52,High Value,Repeat customer
268.58,10,High Value,Repeat customer
313.49,71,High Value,Repeat customer
2005.06,501,High Value,Repeat customer
380.02,45,High Value,Repeat customer
2702.4900000000002,147,High Value,Repeat customer
9585.91,202,High Value,Repeat customer
6065.69,194,High Value,Repeat customer
1164.55,17,High Value,Repeat customer
1314.45,54,High Value,Repeat customer
3902.28,60,High Value,Repeat customer
1448.21,89,High Value,Repeat customer
1400.34,59,High Value,Repeat customer
1099.98,26,High Value,Repeat customer
1220.26,69,High Value,Repeat customer
328.2,18,High Value,Repeat customer
1415.75,89,High Value,Repeat customer
389.64,5,High Value,Repeat customer
563.15,30,High Value,Repeat customer
638.05,41,High Value,Repeat customer
5010.28,235,High Value,Repeat customer
738.96,38,High Value,Repeat customer
420.5,19,High Value,Repeat customer
1484.06,71,High Value,Repeat customer
1625.97,102,High Value,Repeat customer
89.2,5,High Value,Repeat customer
255.9,11,High Value,Repeat customer
300.52,21,High Value,Repeat customer
278.3,6,High Value,Repeat customer
254.11,39,High Value,Repeat customer
2473.37,135,High Value,Repeat customer
192.60000000000002,5,High Value,Repeat customer
10674.75,1090,High Value,Repeat customer
876.42,52,High Value,Repeat customer
139.26,9,High Value,Repeat customer
1011.9,60,High Value,Repeat customer
2538.3,117,High Value,Repeat customer
730.86,35,High Value,Repeat customer
386.15,41,High Value,Repeat customer
447.68,27,High Value,Repeat customer
200.10000000000002,6,High Value,Repeat customer
289.99,15,High Value,Repeat customer
77.4,3,High Value,Repeat customer
679.4399999999999,30,High Value,Repeat customer
197.64,6,High Value,Repeat customer
745.06,46,High Value,Repeat customer
6.2,2,High Value,Repeat customer
228.99,14,High Value,Repeat customer
1319.91,80,High Value,Repeat customer
131.45000000000002,6,High Value,Repeat customer
8022.49,1141,High Value,Repeat customer
173.74,12,High Value,Repeat customer
157.7,13,High Value,Repeat customer
4339.74,385,High Value,Repeat customer
193.14,59,High Value,Repeat customer
845.55,44,High Value,Repeat customer
353.27,12,High Value,Repeat customer
554.65,47,High Value,Repeat customer
193.39000000000001,11,High Value,Repeat customer
2741.17,235,High Value,Repeat customer
2087.88,255,High Value,Repeat customer
155.43,30,High Value,Repeat customer
778.5,53,High Value,Repeat customer
271.85,4,High Value,Repeat customer
1110.34,63,High Value,Repeat customer
657.8,48,High Value,Repeat customer
272.07,13,High Value,Repeat customer
507.29,29,High Value,Repeat customer
48.800000000000004,2,High Value,Repeat customer
321.43,70,High Value,Repeat customer
1127.71,29,High Value,Repeat customer
2226.91,121,High Value,Repeat customer
2139.76,17,High Value,Repeat customer
697.55,42,High Value,Repeat customer
197.13,40,High Value,Repeat customer
1720.3,67,High Value,Repeat customer
102.44999999999999,6,High Value,Repeat customer
1649.5,108,High Value,Repeat customer
62.85,4,High Value,Repeat customer
3295.76,138,High Value,Repeat customer
2824.69,145,High Value,Repeat customer
3189.81,130,High Value,Repeat customer
309.4,13,High Value,Repeat customer
7930.54,388,High Value,Repeat customer
325.75,21,High Value,Repeat customer
511.35,28,High Value,Repeat customer
2836.69,143,High Value,Repeat customer
475.8,9,High Value,Repeat customer
2759.83,127,High Value,Repeat customer
645.65,20,High Value,Repeat customer
1311.3799999999999,66,High Value,Repeat customer
1173.12,60,High Value,Repeat customer
1353.74,58,High Value,Repeat customer
170.32,11,High Value,Repeat customer
125.79,6,High Value,Repeat customer
841.1999999999999,48,High Value,Repeat customer
266.76,11,High Value,Repeat customer
52.2,4,High Value,Repeat customer
14389.9,99,High Value,Repeat customer
710.28,36,High Value,Repeat customer
2953.59,144,High Value,Repeat customer
725.7,71,High Value,Repeat customer
327.25,13,High Value,Repeat customer
522.38,98,High Value,Repeat customer
519.68,28,High Value,Repeat customer
1465.3200000000002,47,High Value,Repeat customer
1485.54,124,High Value,Repeat customer
706.19,47,High Value,Repeat customer
255.4,17,High Value,Repeat customer
589.7,11,High Value,Repeat customer
761.59,53,High Value,Repeat customer
765.3199999999999,15,High Value,Repeat customer
364.8,18,High Value,Repeat customer
1862.0,6,High Value,Repeat customer
369.2,20,High Value,Repeat customer
135.9,10,High Value,Repeat customer
125.65,7,High Value,Repeat customer
554.38,33,High Value,Repeat customer
1237.8500000000001,73,High Value,Repeat customer
655.75,23,High Value,Repeat customer
11138.710000000001,498,High Value,Repeat customer
468.77000000000004,43,High Value,Repeat customer
1366.38,55,High Value,Repeat customer
1303.52,116,High Value,Repeat customer
1421.29,96,High Value,Repeat customer
332.66,20,High Value,Repeat customer
2810.63,355,High Value,Repeat customer
1025.44,69,High Value,Repeat customer
616.15,17,High Value,Repeat customer
3501.1,165,High Value,Repeat customer
277.8,9,High Value,Repeat customer
434.35,30,High Value,Repeat customer
143825.06,5675,Low Value,Repeat customer
867.85,27,High Value,Repeat customer
1227.43,87,High Value,Repeat customer
307.48,12,High Value,Repeat customer
1268.98,77,High Value,Repeat customer
1610.15,45,High Value,Repeat customer
977.77,57,High Value,Repeat customer
1316.07,78,High Value,Repeat customer
749.1,44,High Value,Repeat customer
310.05,10,High Value,Repeat customer
223.88,11,High Value,Repeat customer
2372.86,128,High Value,Repeat customer
1257.68,41,High Value,Repeat customer
363.53,17,High Value,Repeat customer
1890.94,87,High Value,Repeat customer
1784.71,10,High Value,Repeat customer
8137.02,364,High Value,Repeat customer
1621.88,34,High Value,Repeat customer
5900.25,170,High Value,Repeat customer
100.9,3,High Value,Repeat customer
290.82,14,High Value,Repeat customer
1101.97,63,High Value,Repeat customer
371.2,19,High Value,Repeat customer
311.69,20,High Value,Repeat customer
8099.49,138,High Value,Repeat customer
289.82,55,High Value,Repeat customer
336.17,85,High Value,Repeat customer
58.49,12,High Value,Repeat customer
499.68,42,High Value,Repeat customer
695.42,59,High Value,Repeat customer
221.27,27,High Value,Repeat customer
7044.68,312,High Value,Repeat customer
126.7,5,High Value,Repeat customer
1487.8,198,High Value,Repeat customer
206.21,13,High Value,Repeat customer
599.0,83,High Value,Repeat customer
191.32,38,High Value,Repeat customer
463.8,6,High Value,Repeat customer
147.59,37,High Value,Repeat customer
1592.06,34,High Value,Repeat customer
1116.57,160,High Value,Repeat customer
114.77,18,High Value,Repeat customer
1314.45,32,High Value,Repeat customer
114.39,21,High Value,Repeat customer
279.94,11,High Value,Repeat customer
790.86,72,High Value,Repeat customer
1931.42,216,High Value,Repeat customer
102.12,8,High Value,Repeat customer
213.27,41,High Value,Repeat customer
296.75,87,High Value,Repeat customer
326.4,4,High Value,Repeat customer
334.54,40,High Value,Repeat customer
233.23000000000002,61,High Value,Repeat customer
546.1999999999999,26,High Value,Repeat customer
429.87,75,High Value,Repeat customer
490.52,77,High Value,Repeat customer
1641.76,115,High Value,Repeat customer
1246.32,158,High Value,Repeat customer
6316.57,1119,High Value,Repeat customer
502.09,144,High Value,Repeat customer
156.91,12,High Value,Repeat customer
1261.78,182,High Value,Repeat customer
308.94,20,High Value,Repeat customer
423.04,128,High Value,Repeat customer
260.17,35,High Value,Repeat customer
170.04,20,High Value,Repeat customer
125.58,20,High Value,Repeat customer
496.21000000000004,31,High Value,Repeat customer
266.0,70,High Value,Repeat customer
1914.82,472,High Value,Repeat customer
905.04,135,High Value,Repeat customer
6802.76,562,High Value,Repeat customer
1661.33,155,High Value,Repeat customer
377.01,72,High Value,Repeat customer
469.0,61,High Value,Repeat customer
1066.1499999999999,35,High Value,Repeat customer
627.13,48,High Value,Repeat customer
518.28,7,High Value,Repeat customer
668.14,111,High Value,Repeat customer
4959.1,52,High Value,Repeat customer
2586.67,510,High Value,Repeat customer
4308.61,394,High Value,Repeat customer
252.73000000000002,27,High Value,Repeat customer
465.55,127,High Value,Repeat customer
705.49,130,High Value,Repeat customer
19914.44,1502,High Value,Repeat customer
180.35,67,High Value,Repeat customer
135.93,5,High Value,Repeat customer
537.0,3,High Value,Repeat customer
7700.2300000000005,453,High Value,Repeat customer
735.66,12,High Value,Repeat customer
5213.7699999999995,206,High Value,Repeat customer
343.62,22,High Value,Repeat customer
384.05,97,High Value,Repeat customer
121.17000000000002,3,High Value,Repeat customer
1782.09,78,High Value,Repeat customer
1391.61,143,High Value,Repeat customer
215.78,30,High Value,Repeat customer
697.79,71,High Value,Repeat customer
302.1,114,High Value,Repeat customer
1489.5,25,High Value,Repeat customer
2124.9900000000002,276,High Value,Repeat customer
1337.72,237,High Value,Repeat customer
303.09,121,High Value,Repeat customer
54534.14,403,High Value,Repeat customer
987.86,57,High Value,Repeat customer
370.79999999999995,5,High Value,Repeat customer
3158.13,155,High Value,Repeat customer
893.59,42,High Value,Repeat customer
1744.76,82,High Value,Repeat customer
553.36,104,High Value,Repeat customer
1109.53,70,High Value,Repeat customer
106.2,1,High Value,One-time customer
982.07,26,High Value,Repeat customer
1043.41,54,High Value,Repeat customer
748.87,42,High Value,Repeat customer
773.03,27,High Value,Repeat customer
880.85,49,High Value,Repeat customer
9743.11,440,High Value,Repeat customer
895.61,47,High Value,Repeat customer
504.8,33,High Value,Repeat customer
88.2,5,High Value,Repeat customer
306.94,15,High Value,Repeat customer
1160.07,57,High Value,Repeat customer
2420.84,145,High Value,Repeat customer
381.32,23,High Value,Repeat customer
480.71,30,High Value,Repeat customer
457.81,26,High Value,Repeat customer
4597.02,108,High Value,Repeat customer
1370.6,47,High Value,Repeat customer
219.39000000000001,11,High Value,Repeat customer
248.08,25,High Value,Repeat customer
39916.5,3,High Value,Repeat customer
410.48,23,High Value,Repeat customer
876.0,3,High Value,Repeat customer
317.53,8,High Value,Repeat customer
703.36,35,High Value,Repeat customer
1027.44,69,High Value,Repeat customer
2298.93,101,High Value,Repeat customer
1422.52,100,High Value,Repeat customer
319.5,16,High Value,Repeat customer
1300.25,60,High Value,Repeat customer
484.95,28,High Value,Repeat customer
996.1,35,High Value,Repeat customer
1567.48,84,High Value,Repeat customer
3609.33,100,High Value,Repeat customer
2760.56,197,High Value,Repeat customer
340.11,21,High Value,Repeat customer
1352.75,45,High Value,Repeat customer
1551.78,79,High Value,Repeat customer
244.8,1,High Value,One-time customer
266.4,14,High Value,Repeat customer
358.82,21,High Value,Repeat customer
457.72,28,High Value,Repeat customer
1633.78,82,High Value,Repeat customer
2199.31,106,High Value,Repeat customer
184.19,15,High Value,Repeat customer
11528.48,127,High Value,Repeat customer
406.53,16,High Value,Repeat customer
1471.0,102,High Value,Repeat customer
3447.4,84,High Value,Repeat customer
330.11,22,High Value,Repeat customer
977.9300000000001,52,High Value,Repeat customer
982.42,29,High Value,Repeat customer
1387.99,73,High Value,Repeat customer
139.05,9,High Value,Repeat customer
1286.7,68,High Value,Repeat customer
178.96,13,High Value,Repeat customer
2354.25,80,High Value,Repeat customer
498.74,26,High Value,Repeat customer
259.45,14,High Value,Repeat customer
6580.44,217,High Value,Repeat customer
1194.73,67,High Value,Repeat customer
1327.16,91,High Value,Repeat customer
623.5,28,High Value,Repeat customer
301.29,20,High Value,Repeat customer
520.8000000000001,23,High Value,Repeat customer
5314.47,343,High Value,Repeat customer
4745.69,271,High Value,Repeat customer
329.25,22,High Value,Repeat customer
296.42,85,High Value,Repeat customer
961.49,55,High Value,Repeat customer
1936.07,125,High Value,Repeat customer
401.40000000000003,7,High Value,Repeat customer
18641.010000000002,710,High Value,Repeat customer
158.16,4,High Value,Repeat customer
304.47,29,High Value,Repeat customer
843.05,103,High Value,Repeat customer
487.75,27,High Value,Repeat customer
163.0,41,High Value,Repeat customer
106.56,5,High Value,Repeat customer
1289.5,5,High Value,Repeat customer
1624.05,110,High Value,Repeat customer
135.75,11,High Value,Repeat customer
224.14,23,High Value,Repeat customer
40.5,3,High Value,Repeat customer
2206.95,93,High Value,Repeat customer
87.5,6,High Value,Repeat customer
689.4799999999999,16,High Value,Repeat customer
622.85,29,High Value,Repeat customer
406.76,63,High Value,Repeat customer
310.62,21,High Value,Repeat customer
411.41,19,High Value,Repeat customer
4777.18,91,High Value,Repeat customer
16225.39,212,High Value,Repeat customer
1044.32,51,High Value,Repeat customer
499.32,19,High Value,Repeat customer
7616.53,310,High Value,Repeat customer
3861.0,1,High Value,One-time customer
1079.6100000000001,32,High Value,Repeat customer
193.64,10,High Value,Repeat customer
1268.7,13,High Value,Repeat customer
1236.54,69,High Value,Repeat customer
1827.8,142,High Value,Repeat customer
316.58,9,High Value,Repeat customer
653.24,37,High Value,Repeat customer
420.29999999999995,9,High Value,Repeat customer
870.12,42,High Value,Repeat customer
331.18,20,High Value,Repeat customer
894.4100000000001,52,High Value,Repeat customer
101.8,5,High Value,Repeat customer
328.35,24,High Value,Repeat customer
1661.44,110,High Value,Repeat customer
734.94,35,High Value,Repeat customer
96.6,2,High Value,Repeat customer
5756.89,166,High Value,Repeat customer
305.75,9,High Value,Repeat customer
1778.96,117,High Value,Repeat customer
403.25,5,High Value,Repeat customer
585.0,5,High Value,Repeat customer
755.75,20,High Value,Repeat customer
322.08,14,High Value,Repeat customer
409.40000000000003,23,High Value,Repeat customer
154.41,8,High Value,Repeat customer
1219.4,58,High Value,Repeat customer
3386.71,125,High Value,Repeat customer
429.6,23,High Value,Repeat customer
612.06,31,High Value,Repeat customer
197.0,14,High Value,Repeat customer
2247.51,143,High Value,Repeat customer
321.05,15,High Value,Repeat customer
1412.32,99,High Value,Repeat customer
1071.99,50,High Value,Repeat customer
780.59,49,High Value,Repeat customer
1706.57,78,High Value,Repeat customer
1756.44,110,High Value,Repeat customer
316.68,22,High Value,Repeat customer
631.57,34,High Value,Repeat customer
2515.84,89,High Value,Repeat customer
514.15,33,High Value,Repeat customer
356.0,6,High Value,Repeat customer
6688.46,350,High Value,Repeat customer
10484.99,111,High Value,Repeat customer
740.78,44,High Value,Repeat customer
918.1999999999999,53,High Value,Repeat customer
300.36,18,High Value,Repeat customer
890.85,47,High Value,Repeat customer
98.45,6,High Value,Repeat customer
317.15,7,High Value,Repeat customer
623.16,34,High Value,Repeat customer
1810.77,77,High Value,Repeat customer
254.82,19,High Value,Repeat customer
178.95000000000002,10,High Value,Repeat customer
156.51,12,High Value,Repeat customer
393.74,23,High Value,Repeat customer
1506.1200000000001,82,High Value,Repeat customer
119.3,6,High Value,Repeat customer
1717.36,11,High Value,Repeat customer
408.8,2,High Value,Repeat customer
2379.49,41,High Value,Repeat customer
2507.07,274,High Value,Repeat customer
721.94,63,High Value,Repeat customer
716.57,47,High Value,Repeat customer
615.14,41,High Value,Repeat customer
135.31,52,High Value,Repeat customer
255.89999999999998,12,High Value,Repeat customer
290.51,19,High Value,Repeat customer
113.12,16,High Value,Repeat customer
2332.15,139,High Value,Repeat customer
240.55,3,High Value,Repeat customer
486.69,20,High Value,Repeat customer
2306.52,88,High Value,Repeat customer
939.78,58,High Value,Repeat customer
7943.22,204,High Value,Repeat customer
4668.3,103,High Value,Repeat customer
180.94,25,High Value,Repeat customer
3672.86,194,High Value,Repeat customer
641.94,39,High Value,Repeat customer
4799.9,192,High Value,Repeat customer
4507.01,7,High Value,Repeat customer
496.44,28,High Value,Repeat customer
5070.35,243,High Value,Repeat customer
574.02,31,High Value,Repeat customer
694.4000000000001,23,High Value,Repeat customer
1174.35,58,High Value,Repeat customer
205.3,12,High Value,Repeat customer
310.47,19,High Value,Repeat customer
60767.9,2379,Low Value,Repeat customer
924.85,47,High Value,Repeat customer
52.0,1,High Value,One-time customer
327.97,24,High Value,Repeat customer
570.5,37,High Value,Repeat customer
165.0,1,High Value,One-time customer
312.62,33,High Value,Repeat customer
204.5,16,High Value,Repeat customer
267.13,36,High Value,Repeat customer
2748.31,95,High Value,Repeat customer
679.68,42,High Value,Repeat customer
162.29,49,High Value,Repeat customer
311.71,29,High Value,Repeat customer
208.75,10,High Value,Repeat customer
1049.7,57,High Value,Repeat customer
714.96,13,High Value,Repeat customer
1661.06,35,High Value,Repeat customer
1028.56,16,High Value,Repeat customer
351.67,99,High Value,Repeat customer
173.97,36,High Value,Repeat customer
574.07,86,High Value,Repeat customer
2020.52,17,High Value,Repeat customer
406.09,24,High Value,Repeat customer
364.5,21,High Value,Repeat customer
563.94,26,High Value,Repeat customer
393.54,20,High Value,Repeat customer
252.42000000000002,17,High Value,Repeat customer
201.60000000000002,5,High Value,Repeat customer
158.04,9,High Value,Repeat customer
473.81,72,High Value,Repeat customer
115.65,5,High Value,Repeat customer
1960.1100000000001,225,High Value,Repeat customer
777.02,63,High Value,Repeat customer
277.05,14,High Value,Repeat customer
2766.5,519,High Value,Repeat customer
8347.2,551,High Value,Repeat customer
427.93,13,High Value,Repeat customer
418.92,7,High Value,Repeat customer
326.0,16,High Value,Repeat customer
913.19,29,High Value,Repeat customer
2314.32,114,High Value,Repeat customer
602.51,44,High Value,Repeat customer
1877.59,95,High Value,Repeat customer
446.94000000000005,4,High Value,Repeat customer
2386.05,94,High Value,Repeat customer
2007.3999999999999,27,High Value,Repeat customer
2415.91,132,High Value,Repeat customer
168.0,3,High Value,Repeat customer
1233.3600000000001,117,High Value,Repeat customer
3703.29,194,High Value,Repeat customer
1690.2600000000002,36,High Value,Repeat customer
596.85,8,High Value,Repeat customer
5955.71,302,High Value,Repeat customer
642.41,41,High Value,Repeat customer
316.88,12,High Value,Repeat customer
394.14,31,High Value,Repeat customer
140.54,10,High Value,Repeat customer
500.0,1,High Value,One-time customer
1535.53,84,High Value,Repeat customer
231.86,12,High Value,Repeat customer
2183.54,85,High Value,Repeat customer
107.45,7,High Value,Repeat customer
288.18,14,High Value,Repeat customer
94.0,6,High Value,Repeat customer
1345.53,73,High Value,Repeat customer
815.77,50,High Value,Repeat customer
716.2,12,High Value,Repeat customer
626.77,42,High Value,Repeat customer
349.1,8,High Value,Repeat customer
510.71000000000004,53,High Value,Repeat customer
1056.44,153,High Value,Repeat customer
267.18,34,High Value,Repeat customer
3450.84,122,High Value,Repeat customer
1358.88,99,High Value,Repeat customer
190.53,10,High Value,Repeat customer
774.9000000000001,39,High Value,Repeat customer
572.8100000000001,48,High Value,Repeat customer
3984.32,192,High Value,Repeat customer
508.8,28,High Value,Repeat customer
135.86,8,High Value,Repeat customer
950.36,53,High Value,Repeat customer
97.7,6,High Value,Repeat customer
43.5,2,High Value,Repeat customer
383.34,17,High Value,Repeat customer
1447.39,292,High Value,Repeat customer
1483.14,306,High Value,Repeat customer
93.78,6,High Value,Repeat customer
397.35,82,High Value,Repeat customer
171.19,10,High Value,Repeat customer
533.3,41,High Value,Repeat customer
1041.48,55,High Value,Repeat customer
149.29,29,High Value,Repeat customer
1122.53,329,High Value,Repeat customer
200.16,45,High Value,Repeat customer
156.57999999999998,25,High Value,Repeat customer
383.68,62,High Value,Repeat customer
594.0,2,High Value,Repeat customer
3236.91,382,High Value,Repeat customer
1418.26,219,High Value,Repeat customer
113.5,5,High Value,Repeat customer
155.17,9,High Value,Repeat customer
494.64,28,High Value,Repeat customer
974.52,60,High Value,Repeat customer
429.84,30,High Value,Repeat customer
538.73,58,High Value,Repeat customer
1388.37,286,High Value,Repeat customer
179.1,25,High Value,Repeat customer
447.22,60,High Value,Repeat customer
237.07,58,High Value,Repeat customer
161.64,7,High Value,Repeat customer
216.76,58,High Value,Repeat customer
234.6,11,High Value,Repeat customer
126.14,7,High Value,Repeat customer
1048.85,157,High Value,Repeat customer
7354.62,97,High Value,Repeat customer
334.53,57,High Value,Repeat customer
524.88,52,High Value,Repeat customer
467.51,24,High Value,Repeat customer
538.55,24,High Value,Repeat customer
469.48,77,High Value,Repeat customer
371.56,76,High Value,Repeat customer
1771.2,11,High Value,Repeat customer
454.10999999999996,29,High Value,Repeat customer
1441.42,46,High Value,Repeat customer
905.5,45,High Value,Repeat customer
11054.96,98,High Value,Repeat customer
233.81,88,High Value,Repeat customer
3594.31,188,High Value,Repeat customer
2575.0,86,High Value,Repeat customer
91.32000000000001,2,High Value,Repeat customer
1134.28,50,High Value,Repeat customer
3100.09,154,High Value,Repeat customer
659.4599999999999,35,High Value,Repeat customer
2001.8,297,High Value,Repeat customer
1299.23,125,High Value,Repeat customer
1262.2,15,High Value,Repeat customer
13316.4,512,High Value,Repeat customer
1131.56,68,High Value,Repeat customer
10384.93,213,High Value,Repeat customer
147.09,70,High Value,Repeat customer
52.83,13,High Value,Repeat customer
3610.96,97,High Value,Repeat customer
979.26,164,High Value,Repeat customer
492.36,46,High Value,Repeat customer
1000.27,92,High Value,Repeat customer
250.0,1,High Value,One-time customer
909.23,160,High Value,Repeat customer
121.0,7,High Value,Repeat customer
14758.220000000001,308,High Value,Repeat customer
4139.46,178,High Value,Repeat customer
62.43,15,High Value,Repeat customer
267.03,27,High Value,Repeat customer
1942.45,214,High Value,Repeat customer
343.5,18,High Value,Repeat customer
3000.2,185,High Value,Repeat customer
398.84,57,High Value,Repeat customer
412.01000000000005,10,High Value,Repeat customer
440.0,1,High Value,One-time customer
825.92,178,High Value,Repeat customer
148.44,4,High Value,Repeat customer
2429.78,163,High Value,Repeat customer
229.33,26,High Value,Repeat customer
3995.23,672,High Value,Repeat customer
1502.35,108,High Value,Repeat customer
2007.44,228,High Value,Repeat customer
1580.93,256,High Value,Repeat customer
807.57,83,High Value,Repeat customer
536.4,75,High Value,Repeat customer
110.92,24,High Value,Repeat customer
538.46,41,High Value,Repeat customer
213.3,15,High Value,Repeat customer
85.13000000000001,29,High Value,Repeat customer
127.86,28,High Value,Repeat customer
3546.71,259,High Value,Repeat customer
292.71999999999997,81,High Value,Repeat customer
4954.84,702,High Value,Repeat customer
1693.26,115,High Value,Repeat customer
575.63,61,High Value,Repeat customer
436.06,29,High Value,Repeat customer
90.12,17,High Value,Repeat customer
437.23,56,High Value,Repeat customer
217.2,14,High Value,Repeat customer
4805.17,899,High Value,Repeat customer
279.77,31,High Value,Repeat customer
473.65000000000003,20,High Value,Repeat customer
800.59,27,High Value,Repeat customer
134.55,1,High Value,One-time customer
1400.44,113,High Value,Repeat customer
173.16,8,High Value,Repeat customer
186.01,7,High Value,Repeat customer
758.29,53,High Value,Repeat customer
1375.71,31,High Value,Repeat customer
4165.52,323,High Value,Repeat customer
650.4300000000001,57,High Value,Repeat customer
2552.86,215,High Value,Repeat customer
607.45,104,High Value,Repeat customer
702.25,168,High Value,Repeat customer
940.6700000000001,45,High Value,Repeat customer
258.88,39,High Value,Repeat customer
127.1,13,High Value,Repeat customer
348.6,51,High Value,Repeat customer
3679.9700000000003,149,High Value,Repeat customer
682.9100000000001,44,High Value,Repeat customer
725.11,123,High Value,Repeat customer
455.3,31,High Value,Repeat customer
913.6800000000001,9,High Value,Repeat customer
478.53000000000003,29,High Value,Repeat customer
388.58,24,High Value,Repeat customer
199.8,5,High Value,Repeat customer
1771.78,103,High Value,Repeat customer
1406.59,77,High Value,Repeat customer
324.57,22,High Value,Repeat customer
240.68,14,High Value,Repeat customer
761.74,52,High Value,Repeat customer
6776.56,410,High Value,Repeat customer
1297.8700000000001,46,High Value,Repeat customer
48.480000000000004,2,High Value,Repeat customer
216.39,17,High Value,Repeat customer
1198.23,67,High Value,Repeat customer
2920.16,77,High Value,Repeat customer
104.76,13,High Value,Repeat customer
1093.68,60,High Value,Repeat customer
298.48,16,High Value,Repeat customer
112.46000000000001,6,High Value,Repeat customer
1591.45,43,High Value,Repeat customer
195.15,6,High Value,Repeat customer
10399.74,423,High Value,Repeat customer
776.851,45,High Value,Repeat customer
336.40000000000003,3,High Value,Repeat customer
1553.18,100,High Value,Repeat customer
1293.03,16,High Value,Repeat customer
3709.56,185,High Value,Repeat customer
301.03,19,High Value,Repeat customer
588.13,34,High Value,Repeat customer
1534.26,64,High Value,Repeat customer
675.8,49,High Value,Repeat customer
2870.2400000000002,155,High Value,Repeat customer
1186.35,60,High Value,Repeat customer
3285.31,167,High Value,Repeat customer
243.55,15,High Value,Repeat customer
724.76,25,High Value,Repeat customer
223.36,15,High Value,Repeat customer
425.32,25,High Value,Repeat customer
12515.66,484,High Value,Repeat customer
1887.2,119,High Value,Repeat customer
664.0,33,High Value,Repeat customer
813.0,238,High Value,Repeat customer
612.01,52,High Value,Repeat customer
447.64000000000004,35,High Value,Repeat customer
657.35,25,High Value,Repeat customer
816.0,2,High Value,Repeat customer
646.3,32,High Value,Repeat customer
337.74,21,High Value,Repeat customer
877.4399999999999,6,High Value,Repeat customer
922.53,21,High Value,Repeat customer
560.67,34,High Value,Repeat customer
748.5,47,High Value,Repeat customer
30.0,1,High Value,One-time customer
1024.1000000000001,48,High Value,Repeat customer
306.45,11,High Value,Repeat customer
1600.86,90,High Value,Repeat customer
309.8,5,High Value,Repeat customer
138.14,9,High Value,Repeat customer
386.43,17,High Value,Repeat customer
2242.01,116,High Value,Repeat customer
301.32,13,High Value,Repeat customer
76.32000000000001,1,High Value,One-time customer
684.34,33,High Value,Repeat customer
173.05,12,High Value,Repeat customer
2657.13,78,High Value,Repeat customer
2881.02,155,High Value,Repeat customer
2446.6,114,High Value,Repeat customer
323.69,21,High Value,Repeat customer
3435.76,202,High Value,Repeat customer
657.23,33,High Value,Repeat customer
352.7,12,High Value,Repeat customer
781.28,110,High Value,Repeat customer
1333.68,78,High Value,Repeat customer
1426.16,53,High Value,Repeat customer
193.75,10,High Value,Repeat customer
2993.1,166,High Value,Repeat customer
254.1,9,High Value,Repeat customer
239.76,19,High Value,Repeat customer
136.8,2,High Value,Repeat customer
191.04,12,High Value,Repeat customer
6479.4,78,High Value,Repeat customer
409.98,22,High Value,Repeat customer
2736.46,171,High Value,Repeat customer
309.65,18,High Value,Repeat customer
696.68,86,High Value,Repeat customer
1542.14,237,High Value,Repeat customer
211.5,5,High Value,Repeat customer
2293.62,117,High Value,Repeat customer
143.1,6,High Value,Repeat customer
1060.56,55,High Value,Repeat customer
945.58,214,High Value,Repeat customer
3364.2400000000002,288,High Value,Repeat customer
133.25,6,High Value,Repeat customer
1072.3600000000001,53,High Value,Repeat customer
356.7,19,High Value,Repeat customer
330.88,35,High Value,Repeat customer
1118.81,118,High Value,Repeat customer
150.3,7,High Value,Repeat customer
5045.61,937,High Value,Repeat customer
598.73,128,High Value,Repeat customer
507.08,91,High Value,Repeat customer
2222.56,69,High Value,Repeat customer
203.1,41,High Value,Repeat customer
218.25,11,High Value,Repeat customer
415.25,32,High Value,Repeat customer
5178.96,302,High Value,Repeat customer
85.0,5,High Value,Repeat customer
1120.88,70,High Value,Repeat customer
294.12,14,High Value,Repeat customer
162.3,10,High Value,Repeat customer
1339.45,26,High Value,Repeat customer
1205.1200000000001,72,High Value,Repeat customer
4812.42,173,High Value,Repeat customer
449.12,8,High Value,Repeat customer
154.88,9,High Value,Repeat customer
784.46,88,High Value,Repeat customer
34.8,3,High Value,Repeat customer
1094.59,62,High Value,Repeat customer
196.88,28,High Value,Repeat customer
974.04,93,High Value,Repeat customer
149.31,21,High Value,Repeat customer
44534.3,10,High Value,Repeat customer
2465.48,293,High Value,Repeat customer
2637.38,411,High Value,Repeat customer
79.2,1,High Value,One-time customer
458.57,28,High Value,Repeat customer
2364.25,141,High Value,Repeat customer
532.96,192,High Value,Repeat customer
714.42,45,High Value,Repeat customer
205.25,9,High Value,Repeat customer
253.04,7,High Value,Repeat customer
583.75,37,High Value,Repeat customer
1086.92,61,High Value,Repeat customer
3279.97,180,High Value,Repeat customer
315.06,11,High Value,Repeat customer
621.8299999999999,27,High Value,Repeat customer
56252.72,130,High Value,Repeat customer
635.6800000000001,10,High Value,Repeat customer
270.8,25,High Value,Repeat customer
104.9,7,High Value,Repeat customer
241.62,18,High Value,Repeat customer
1047.11,21,High Value,Repeat customer
475.28000000000003,29,High Value,Repeat customer
345.46,20,High Value,Repeat customer
2614.7400000000002,43,High Value,Repeat customer
246.3,14,High Value,Repeat customer
2328.9700000000003,83,High Value,Repeat customer
4932.2,267,High Value,Repeat customer
948.05,206,High Value,Repeat customer
351.3,25,High Value,Repeat customer
220.85,35,High Value,Repeat customer
1612.69,75,High Value,Repeat customer
965.61,12,High Value,Repeat customer
610.01,42,High Value,Repeat customer
2711.56,133,High Value,Repeat customer
2207.4,8,High Value,Repeat customer
884.14,98,High Value,Repeat customer
699.08,119,High Value,Repeat customer
1063.95,64,High Value,Repeat customer
451.42,1,High Value,One-time customer
415.82000000000005,8,High Value,Repeat customer
4206.39,262,High Value,Repeat customer
5528.4800000000005,301,High Value,Repeat customer
784.58,31,High Value,Repeat customer
903.9,48,High Value,Repeat customer
3734.9700000000003,208,High Value,Repeat customer
515.77,35,High Value,Repeat customer
1391.98,89,High Value,Repeat customer
2218.62,133,High Value,Repeat customer
1801.14,41,High Value,Repeat customer
1303.9099999999999,40,High Value,Repeat customer
1945.33,72,High Value,Repeat customer
2100.6,49,High Value,Repeat customer
1905.45,123,High Value,Repeat customer
206.98,17,High Value,Repeat customer
570.96,62,High Value,Repeat customer
885.47,33,High Value,Repeat customer
15.0,1,High Value,One-time customer
532.94,20,High Value,Repeat customer
1654.31,68,High Value,Repeat customer
1836.0900000000001,115,High Value,Repeat customer
636.14,51,High Value,Repeat customer
576.0,39,High Value,Repeat customer
801.76,68,High Value,Repeat customer
836.79,54,High Value,Repeat customer
2233.75,273,High Value,Repeat customer
954.09,50,High Value,Repeat customer
137.37,10,High Value,Repeat customer
391.98,24,High Value,Repeat customer
33643.08,167,High Value,Repeat customer
1048.49,62,High Value,Repeat customer
355.56,27,High Value,Repeat customer
1224.06,47,High Value,Repeat customer
118.95000000000002,8,High Value,Repeat customer
130.73999999999998,11,High Value,Repeat customer
3711.77,138,High Value,Repeat customer
389.27,22,High Value,Repeat customer
238.85,97,High Value,Repeat customer
160.71,22,High Value,Repeat customer
110.8,30,High Value,Repeat customer
2974.65,140,High Value,Repeat customer
712.24,80,High Value,Repeat customer
16387.57,645,High Value,Repeat customer
297.0,14,High Value,Repeat customer
1438.85,191,High Value,Repeat customer
977.21,142,High Value,Repeat customer
3165.36,546,High Value,Repeat customer
832.88,147,High Value,Repeat customer
68.84,18,High Value,Repeat customer
1936.3200000000002,20,High Value,Repeat customer
895.13,40,High Value,Repeat customer
230.53,45,High Value,Repeat customer
3812.64,461,High Value,Repeat customer
149.64,15,High Value,Repeat customer
354.09000000000003,76,High Value,Repeat customer
360.93,128,High Value,Repeat customer
4405.88,120,High Value,Repeat customer
493.28,129,High Value,Repeat customer
343.28000000000003,105,High Value,Repeat customer
501.39000000000004,29,High Value,Repeat customer
516.36,23,High Value,Repeat customer
396.48,49,High Value,Repeat customer
379.35,18,High Value,Repeat customer
181.09,12,High Value,Repeat customer
168.31,12,High Value,Repeat customer
446.87,93,High Value,Repeat customer
524.52,62,High Value,Repeat customer
263.55,41,High Value,Repeat customer
179.17,11,High Value,Repeat customer
222.05,24,High Value,Repeat customer
1388.88,86,High Value,Repeat customer
56.25,4,High Value,Repeat customer
351.11,51,High Value,Repeat customer
363.88,116,High Value,Repeat customer
5126.76,74,High Value,Repeat customer
164.68,30,High Value,Repeat customer
1567.69,150,High Value,Repeat customer
967.45,249,High Value,Repeat customer
191.94,7,High Value,Repeat customer
1232.18,267,High Value,Repeat customer
264.62,19,High Value,Repeat customer
1528.09,155,High Value,Repeat customer
123.1,12,High Value,Repeat customer
334.23,40,High Value,Repeat customer
639.89,143,High Value,Repeat customer
167.5,60,High Value,Repeat customer
336.03000000000003,25,High Value,Repeat customer
369.5,11,High Value,Repeat customer
127.08,21,High Value,Repeat customer
207.15,12,High Value,Repeat customer
426.63,21,High Value,Repeat customer
2495.87,115,High Value,Repeat customer
1107.46,74,High Value,Repeat customer
416.86,12,High Value,Repeat customer
145.35,7,High Value,Repeat customer
404.58,18,High Value,Repeat customer
6115.01,76,High Value,Repeat customer
35.8,1,High Value,One-time customer
337.44,14,High Value,Repeat customer
325.1,6,High Value,Repeat customer
181.0,2,High Value,Repeat customer
1708.24,29,High Value,Repeat customer
955.24,60,High Value,Repeat customer
364.72,19,High Value,Repeat customer
1765.51,98,High Value,Repeat customer
708.22,41,High Value,Repeat customer
806.57,91,High Value,Repeat customer
1659.3799999999999,98,High Value,Repeat customer
4416.26,183,High Value,Repeat customer
428.89,42,High Value,Repeat customer
104.35,7,High Value,Repeat customer
470.76,28,High Value,Repeat customer
845.64,122,High Value,Repeat customer
418.83,84,High Value,Repeat customer
666.1,20,High Value,Repeat customer
314.1,11,High Value,Repeat customer
4199.85,35,High Value,Repeat customer
307.82000000000005,4,High Value,Repeat customer
3442.15,176,High Value,Repeat customer
371.01,24,High Value,Repeat customer
430.94,98,High Value,Repeat customer
1054.73,65,High Value,Repeat customer
1098.78,49,High Value,Repeat customer
2398.86,43,High Value,Repeat customer
3408.48,97,High Value,Repeat customer
1475.02,113,High Value,Repeat customer
2837.67,270,High Value,Repeat customer
1142.42,37,High Value,Repeat customer
168.12,14,High Value,Repeat customer
1451.28,140,High Value,Repeat customer
158.03,27,High Value,Repeat customer
792.11,52,High Value,Repeat customer
41.989999999999995,3,High Value,Repeat customer
2797.57,552,High Value,Repeat customer
427.07,35,High Value,Repeat customer
1060.68,130,High Value,Repeat customer
3089.97,506,High Value,Repeat customer
12393.7,9,High Value,Repeat customer
2735.37,103,High Value,Repeat customer
615.39,218,High Value,Repeat customer
101.4,8,High Value,Repeat customer
1701.94,385,High Value,Repeat customer
478.78,33,High Value,Repeat customer
992.71,90,High Value,Repeat customer
407.5,86,High Value,Repeat customer
3362.71,212,High Value,Repeat customer
1415.29,94,High Value,Repeat customer
37130.6,139,High Value,Repeat customer
662.38,145,High Value,Repeat customer
705.39,182,High Value,Repeat customer
1508.76,235,High Value,Repeat customer
211.88,32,High Value,Repeat customer
408.90000000000003,28,High Value,Repeat customer
3786.2400000000002,160,High Value,Repeat customer
851.01,46,High Value,Repeat customer
628.28,76,High Value,Repeat customer
719.81,101,High Value,Repeat customer
251.24,64,High Value,Repeat customer
439.65999999999997,28,High Value,Repeat customer
236.09,32,High Value,Repeat customer
934.62,16,High Value,Repeat customer
81024.84,242,High Value,Repeat customer
331.24,29,High Value,Repeat customer
548.94,100,High Value,Repeat customer
8816.4,1137,High Value,Repeat customer
437.7,22,High Value,Repeat customer
758.92,55,High Value,Repeat customer
855.02,39,High Value,Repeat customer
471.78000000000003,26,High Value,Repeat customer
1313.55,65,High Value,Repeat customer
3166.4,6,High Value,Repeat customer
1197.27,71,High Value,Repeat customer
773.99,39,High Value,Repeat customer
1340.7,83,High Value,Repeat customer
256.44,8,High Value,Repeat customer
1111.79,312,High Value,Repeat customer
137.9,10,High Value,Repeat customer
362.06,34,High Value,Repeat customer
1511.95,84,High Value,Repeat customer
783.9,70,High Value,Repeat customer
134.8,8,High Value,Repeat customer
664.85,68,High Value,Repeat customer
2263.12,121,High Value,Repeat customer
1459.8600000000001,180,High Value,Repeat customer
1153.62,64,High Value,Repeat customer
335.32,23,High Value,Repeat customer
372.09,74,High Value,Repeat customer
1521.87,102,High Value,Repeat customer
852.15,33,High Value,Repeat customer
326.24,21,High Value,Repeat customer
584.3199999999999,23,High Value,Repeat customer
122.39999999999999,1,High Value,One-time customer
2234.73,129,High Value,Repeat customer
79.2,1,High Value,One-time customer
1352.0,21,High Value,Repeat customer
217.16,10,High Value,Repeat customer
2806.9,227,High Value,Repeat customer
1317.62,31,High Value,Repeat customer
436.18,38,High Value,Repeat customer
981.51,167,High Value,Repeat customer
1121.39,39,High Value,Repeat customer
315.06,18,High Value,Repeat customer
817.86,51,High Value,Repeat customer
17.0,1,High Value,One-time customer
1078.23,63,High Value,Repeat customer
320.62,12,High Value,Repeat customer
185.04999999999998,10,High Value,Repeat customer
2005.63,67,High Value,Repeat customer
731.9,39,High Value,Repeat customer
1290.7,76,High Value,Repeat customer
1842.14,57,High Value,Repeat customer
1429.64,48,High Value,Repeat customer
302.36,29,High Value,Repeat customer
336.96,13,High Value,Repeat customer
108.38,6,High Value,Repeat customer
3204.1600000000003,31,High Value,Repeat customer
842.5,48,High Value,Repeat customer
611.88,18,High Value,Repeat customer
1337.48,354,High Value,Repeat customer
195.73999999999998,16,High Value,Repeat customer
161.38,30,High Value,Repeat customer
135.75000000000003,8,High Value,Repeat customer
1667.97,284,High Value,Repeat customer
612.78,34,High Value,Repeat customer
232.21,30,High Value,Repeat customer
423.36,16,High Value,Repeat customer
1309.14,30,High Value,Repeat customer
867.11,212,High Value,Repeat customer
684.4200000000001,38,High Value,Repeat customer
307.78,16,High Value,Repeat customer
249.0,11,High Value,Repeat customer
289.35,13,High Value,Repeat customer
6287.77,117,High Value,Repeat customer
656.25,40,High Value,Repeat customer
1880.22,89,High Value,Repeat customer
3506.54,78,High Value,Repeat customer
14589.04,338,High Value,Repeat customer
618.09,35,High Value,Repeat customer
517.55,21,High Value,Repeat customer
709.38,37,High Value,Repeat customer
635.41,31,High Value,Repeat customer
725.18,35,High Value,Repeat customer
620.4,30,High Value,Repeat customer
535.34,37,High Value,Repeat customer
2424.94,117,High Value,Repeat customer
175.2,1,High Value,One-time customer
3799.4900000000002,224,High Value,Repeat customer
734.13,29,High Value,Repeat customer
375.0,22,High Value,Repeat customer
76.32000000000001,1,High Value,One-time customer
280.52,18,High Value,Repeat customer
2053.02,117,High Value,Repeat customer
1829.04,29,High Value,Repeat customer
1824.23,89,High Value,Repeat customer
3122.04,130,High Value,Repeat customer
656.69,18,High Value,Repeat customer
348.2,14,High Value,Repeat customer
1025.44,20,High Value,Repeat customer
5575.56,474,High Value,Repeat customer
37.4,2,High Value,Repeat customer
856.6,6,High Value,Repeat customer
822.48,34,High Value,Repeat customer
3787.6,98,High Value,Repeat customer
1822.97,85,High Value,Repeat customer
1885.05,125,High Value,Repeat customer
73.2,3,High Value,Repeat customer
1140.21,69,High Value,Repeat customer
1418.32,84,High Value,Repeat customer
1009.5500000000001,23,High Value,Repeat customer
1037.59,58,High Value,Repeat customer
331.95,15,High Value,Repeat customer
197.9,8,High Value,Repeat customer
215.83,11,High Value,Repeat customer
10254.18,162,High Value,Repeat customer
305.54,11,High Value,Repeat customer
6617.65,28,High Value,Repeat customer
338.71000000000004,15,High Value,Repeat customer
1158.79,45,High Value,Repeat customer
529.41,31,High Value,Repeat customer
4006.94,218,High Value,Repeat customer
6911.4400000000005,295,High Value,Repeat customer
981.86,67,High Value,Repeat customer
215.48,11,High Value,Repeat customer
215.08,6,High Value,Repeat customer
5180.52,134,High Value,Repeat customer
314.45,19,High Value,Repeat customer
400.68100000000004,15,High Value,Repeat customer
1080.6200000000001,179,High Value,Repeat customer
1863.47,111,High Value,Repeat customer
365.27,18,High Value,Repeat customer
592.9,35,High Value,Repeat customer
405.71,57,High Value,Repeat customer
761.38,98,High Value,Repeat customer
537.0600000000001,63,High Value,Repeat customer
394.38,19,High Value,Repeat customer
664.26,66,High Value,Repeat customer
2262.62,46,High Value,Repeat customer
21086.3,123,High Value,Repeat customer
547.02,23,High Value,Repeat customer
690.34,41,High Value,Repeat customer
159.0,6,High Value,Repeat customer
1062.75,44,High Value,Repeat customer
242.35,14,High Value,Repeat customer
914.9300000000001,37,High Value,Repeat customer
304.25,15,High Value,Repeat customer
3084.68,84,High Value,Repeat customer
864.86,97,High Value,Repeat customer
846.72,137,High Value,Repeat customer
1295.3,96,High Value,Repeat customer
1096.32,134,High Value,Repeat customer
255.12,8,High Value,Repeat customer
314.22,6,High Value,Repeat customer
1010.6,47,High Value,Repeat customer
542.03,35,High Value,Repeat customer
990.88,37,High Value,Repeat customer
536.6800000000001,22,High Value,Repeat customer
867.31,46,High Value,Repeat customer
432.2,20,High Value,Repeat customer
414.2,19,High Value,Repeat customer
3718.8,135,High Value,Repeat customer
2607.87,662,High Value,Repeat customer
3603.21,294,High Value,Repeat customer
409.1,51,High Value,Repeat customer
1522.75,91,High Value,Repeat customer
1413.66,90,High Value,Repeat customer
114.56,16,High Value,Repeat customer
152.94,7,High Value,Repeat customer
1800.07,69,High Value,Repeat customer
389.44,24,High Value,Repeat customer
3683.86,123,High Value,Repeat customer
2619.91,270,High Value,Repeat customer
752.4300000000001,13,High Value,Repeat customer
46.95,2,High Value,Repeat customer
5203.51,135,High Value,Repeat customer
1035.45,18,High Value,Repeat customer
746.83,124,High Value,Repeat customer
5447.0,258,High Value,Repeat customer
861.89,61,High Value,Repeat customer
667.65,45,High Value,Repeat customer
1141.24,54,High Value,Repeat customer
1429.24,133,High Value,Repeat customer
411.7,25,High Value,Repeat customer
357.95,67,High Value,Repeat customer
559.87,33,High Value,Repeat customer
810.6000000000001,6,High Value,Repeat customer
566.38,23,High Value,Repeat customer
1509.58,107,High Value,Repeat customer
2062.06,17,High Value,Repeat customer
168.3,11,High Value,Repeat customer
1570.81,166,High Value,Repeat customer
823.97,109,High Value,Repeat customer
142.5,8,High Value,Repeat customer
302.25,17,High Value,Repeat customer
2248.9900000000002,118,High Value,Repeat customer
1328.55,79,High Value,Repeat customer
301.9,20,High Value,Repeat customer
598.2,27,High Value,Repeat customer
233.22,11,High Value,Repeat customer
5360.63,162,High Value,Repeat customer
361.21999999999997,22,High Value,Repeat customer
632.27,41,High Value,Repeat customer
2560.0,4,High Value,Repeat customer
706.57,42,High Value,Repeat customer
616.26,37,High Value,Repeat customer
274.15000000000003,16,High Value,Repeat customer
226.37,14,High Value,Repeat customer
2938.91,151,High Value,Repeat customer
1341.65,69,High Value,Repeat customer
328.15,19,High Value,Repeat customer
404.40000000000003,3,High Value,Repeat customer
1038.46,56,High Value,Repeat customer
373.65000000000003,12,High Value,Repeat customer
326.75,37,High Value,Repeat customer
207.50000000000003,1,High Value,One-time customer
428.68,118,High Value,Repeat customer
594.24,18,High Value,Repeat customer
3110.96,319,High Value,Repeat customer
3844.22,319,High Value,Repeat customer
251.91,39,High Value,Repeat customer
1593.2,153,High Value,Repeat customer
26626.8,45,High Value,Repeat customer
151.05,10,High Value,Repeat customer
214.79999999999998,11,High Value,Repeat customer
109.95,20,High Value,Repeat customer
549.07,153,High Value,Repeat customer
1971.87,77,High Value,Repeat customer
322.41,15,High Value,Repeat customer
370.47999999999996,47,High Value,Repeat customer
101.10000000000001,2,High Value,Repeat customer
575.41,38,High Value,Repeat customer
887.65,92,High Value,Repeat customer
1469.45,235,High Value,Repeat customer
53.5,9,High Value,Repeat customer
1116.47,57,High Value,Repeat customer
153.9,8,High Value,Repeat customer
494.44,28,High Value,Repeat customer
6675.71,94,High Value,Repeat customer
395.8,39,High Value,Repeat customer
211.77,31,High Value,Repeat customer
658.88,34,High Value,Repeat customer
2027.5,109,High Value,Repeat customer
1750.92,66,High Value,Repeat customer
3512.53,662,High Value,Repeat customer
896.66,106,High Value,Repeat customer
734.77,81,High Value,Repeat customer
109.36000000000001,5,High Value,Repeat customer
707.04,53,High Value,Repeat customer
1540.42,51,High Value,Repeat customer
327.3,18,High Value,Repeat customer
804.49,130,High Value,Repeat customer
497.43,76,High Value,Repeat customer
1553.66,118,High Value,Repeat customer
1320.56,228,High Value,Repeat customer
367.93,97,High Value,Repeat customer
473.03000000000003,111,High Value,Repeat customer
987.01,125,High Value,Repeat customer
676.2,5,High Value,Repeat customer
362.95,23,High Value,Repeat customer
2157.4,108,High Value,Repeat customer
1780.59,32,High Value,Repeat customer
668.36,102,High Value,Repeat customer
584.5,33,High Value,Repeat customer
555.89,59,High Value,Repeat customer
317.2,88,High Value,Repeat customer
94.36,4,High Value,Repeat customer
1382.07,34,High Value,Repeat customer
221.19,45,High Value,Repeat customer
3046.21,330,High Value,Repeat customer
1555.34,83,High Value,Repeat customer
1486.9,210,High Value,Repeat customer
1705.8,82,High Value,Repeat customer
408.57,73,High Value,Repeat customer
303.93,29,High Value,Repeat customer
4098.32,186,High Value,Repeat customer
299.6,60,High Value,Repeat customer
177.5,10,High Value,Repeat customer
443.05,23,High Value,Repeat customer
167.25,5,High Value,Repeat customer
163.07,62,High Value,Repeat customer
2126.93,172,High Value,Repeat customer
2028.88,232,High Value,Repeat customer
214.65,45,High Value,Repeat customer
151.83,35,High Value,Repeat customer
262.2,31,High Value,Repeat customer
126.25,7,High Value,Repeat customer
210.35,54,High Value,Repeat customer
1051.4,71,High Value,Repeat customer
675.27,102,High Value,Repeat customer
972.23,51,High Value,Repeat customer
34684.4,369,High Value,Repeat customer
346.12,18,High Value,Repeat customer
133.56,5,High Value,Repeat customer
302.7,21,High Value,Repeat customer
1908.25,372,High Value,Repeat customer
241.06,9,High Value,Repeat customer
284.55,2,High Value,Repeat customer
300.85,6,High Value,Repeat customer
642.81,83,High Value,Repeat customer
287.4,8,High Value,Repeat customer
184.26,17,High Value,Repeat customer
1522.25,109,High Value,Repeat customer
798.35,132,High Value,Repeat customer
3640.67,282,High Value,Repeat customer
381.2,24,High Value,Repeat customer
616.79,174,High Value,Repeat customer
654.67,84,High Value,Repeat customer
230.51,63,High Value,Repeat customer
168472.5,3,Medium value,Repeat customer
259.01,36,High Value,Repeat customer
188.89000000000001,20,High Value,Repeat customer
707.69,40,High Value,Repeat customer
311.92,11,High Value,Repeat customer
266.97,14,High Value,Repeat customer
6.9,2,High Value,Repeat customer
1841.18,99,High Value,Repeat customer
2158.37,111,High Value,Repeat customer
208.36,9,High Value,Repeat customer
3482.7400000000002,202,High Value,Repeat customer
814.72,135,High Value,Repeat customer
151.42,33,High Value,Repeat customer
136.0,3,High Value,Repeat customer
1422.4,82,High Value,Repeat customer
1314.68,236,High Value,Repeat customer
1603.46,148,High Value,Repeat customer
74.9,2,High Value,Repeat customer
650.43,182,High Value,Repeat customer
762.39,170,High Value,Repeat customer
223.95000000000002,13,High Value,Repeat customer
316.11,18,High Value,Repeat customer
1871.5,360,High Value,Repeat customer
544.3,28,High Value,Repeat customer
2494.46,146,High Value,Repeat customer
331.0,17,High Value,Repeat customer
300.83,35,High Value,Repeat customer
769.29,53,High Value,Repeat customer
220.62,18,High Value,Repeat customer
139.35,19,High Value,Repeat customer
404.3,25,High Value,Repeat customer
363.65,42,High Value,Repeat customer
498.8,29,High Value,Repeat customer
731.5,39,High Value,Repeat customer
1351.63,56,High Value,Repeat customer
826.53,50,High Value,Repeat customer
684.41,97,High Value,Repeat customer
1599.52,95,High Value,Repeat customer
2965.69,136,High Value,Repeat customer
100.97,15,High Value,Repeat customer
365.45,19,High Value,Repeat customer
400.86,11,High Value,Repeat customer
1431.93,84,High Value,Repeat customer
484.38,86,High Value,Repeat customer
777.6,4,High Value,Repeat customer
90.30000000000001,3,High Value,Repeat customer
363.7,13,High Value,Repeat customer
248.1,13,High Value,Repeat customer
950.26,169,High Value,Repeat customer
874.59,35,High Value,Repeat customer
1627.13,113,High Value,Repeat customer
101.69999999999999,6,High Value,Repeat customer
162.7,17,High Value,Repeat customer
484.32,40,High Value,Repeat customer
215.07999999999998,13,High Value,Repeat customer
1046.57,156,High Value,Repeat customer
9418.470000000001,290,High Value,Repeat customer
13027.45,183,High Value,Repeat customer
290.36,15,High Value,Repeat customer
228.06,14,High Value,Repeat customer
244.41,17,High Value,Repeat customer
455.25,30,High Value,Repeat customer
1244.59,77,High Value,Repeat customer
6748.8,4,High Value,Repeat customer
1095.56,177,High Value,Repeat customer
593.75,31,High Value,Repeat customer
548.97,55,High Value,Repeat customer
1388.81,45,High Value,Repeat customer
119.62,5,High Value,Repeat customer
339.3,3,High Value,Repeat customer
787.15,25,High Value,Repeat customer
4154.64,981,High Value,Repeat customer
2298.97,251,High Value,Repeat customer
922.12,32,High Value,Repeat customer
379.73,17,High Value,Repeat customer
5719.82,84,High Value,Repeat customer
837.1,52,High Value,Repeat customer
285.89,17,High Value,Repeat customer
3313.79,207,High Value,Repeat customer
281.85,11,High Value,Repeat customer
8338.49,460,High Value,Repeat customer
841.41,56,High Value,Repeat customer
511.12,31,High Value,Repeat customer
1077.74,19,High Value,Repeat customer
173.7,3,High Value,Repeat customer
614.66,18,High Value,Repeat customer
865.6,35,High Value,Repeat customer
124.2,5,High Value,Repeat customer
3738.4,126,High Value,Repeat customer
1421.69,87,High Value,Repeat customer
1009.6,57,High Value,Repeat customer
663.61,42,High Value,Repeat customer
451.44,28,High Value,Repeat customer
105.84,9,High Value,Repeat customer
313.62,6,High Value,Repeat customer
233.45,14,High Value,Repeat customer
936.08,28,High Value,Repeat customer
463.95,8,High Value,Repeat customer
225.15,13,High Value,Repeat customer
459.24,33,High Value,Repeat customer
213.5,10,High Value,Repeat customer
4113.68,216,High Value,Repeat customer
330.03,27,High Value,Repeat customer
181.09,53,High Value,Repeat customer
360.16,85,High Value,Repeat customer
250.15,12,High Value,Repeat customer
90.04,7,High Value,Repeat customer
145.04999999999998,10,High Value,Repeat customer
813.52,62,High Value,Repeat customer
244.79999999999998,31,High Value,Repeat customer
528.08,29,High Value,Repeat customer
482.47,34,High Value,Repeat customer
3347.71,172,High Value,Repeat customer
5493.46,276,High Value,Repeat customer
75.66,6,High Value,Repeat customer
129.49,10,High Value,Repeat customer
1187.66,66,High Value,Repeat customer
618.59,30,High Value,Repeat customer
506.19,26,High Value,Repeat customer
500.42,33,High Value,Repeat customer
151.85,5,High Value,Repeat customer
2647.59,96,High Value,Repeat customer
226.21,14,High Value,Repeat customer
178.96,9,High Value,Repeat customer
813.48,29,High Value,Repeat customer
129.45,5,High Value,Repeat customer
810.5699999999999,48,High Value,Repeat customer
333.08,23,High Value,Repeat customer
4413.1,179,High Value,Repeat customer
322.8,20,High Value,Repeat customer
2188.05,117,High Value,Repeat customer
417.73,64,High Value,Repeat customer
2883.1,152,High Value,Repeat customer
217.9,9,High Value,Repeat customer
1154.47,69,High Value,Repeat customer
1680.72,94,High Value,Repeat customer
1257.51,50,High Value,Repeat customer
231.10000000000002,12,High Value,Repeat customer
688.33,34,High Value,Repeat customer
487.51,27,High Value,Repeat customer
833.78,62,High Value,Repeat customer
214.06,14,High Value,Repeat customer
290.65999999999997,19,High Value,Repeat customer
518.42,24,High Value,Repeat customer
6773.97,118,High Value,Repeat customer
1212.66,69,High Value,Repeat customer
601.27,29,High Value,Repeat customer
3794.52,261,High Value,Repeat customer
8625.8,73,High Value,Repeat customer
933.62,208,High Value,Repeat customer
123.24,8,High Value,Repeat customer
39.12,2,High Value,Repeat customer
1267.6499999999999,16,High Value,Repeat customer
135.39999999999998,9,High Value,Repeat customer
118.98,32,High Value,Repeat customer
570.13,53,High Value,Repeat customer
306.71999999999997,20,High Value,Repeat customer
1374.8700000000001,160,High Value,Repeat customer
4095.9,252,High Value,Repeat customer
1692.27,6,High Value,Repeat customer
8134.9400000000005,114,High Value,Repeat customer
319.61,98,High Value,Repeat customer
1592.1200000000001,89,High Value,Repeat customer
3109.99,163,High Value,Repeat customer
129.75,3,High Value,Repeat customer
183.7,10,High Value,Repeat customer
1770.34,44,High Value,Repeat customer
1028.0,30,High Value,Repeat customer
66653.56,277,High Value,Repeat customer
324.24,62,High Value,Repeat customer
3062.83,585,High Value,Repeat customer
1260.86,62,High Value,Repeat customer
422.59999999999997,13,High Value,Repeat customer
225.57999999999998,12,High Value,Repeat customer
1276.0,3,High Value,Repeat customer
482.01,60,High Value,Repeat customer
657.9000000000001,10,High Value,Repeat customer
112.75,21,High Value,Repeat customer
1998.0,5,High Value,Repeat customer
5076.55,308,High Value,Repeat customer
5398.3,144,High Value,Repeat customer
14034.99,270,High Value,Repeat customer
531.35,123,High Value,Repeat customer
656.63,27,High Value,Repeat customer
3029.87,79,High Value,Repeat customer
2483.04,402,High Value,Repeat customer
1651.03,22,High Value,Repeat customer
3645.43,447,High Value,Repeat customer
6923.13,624,High Value,Repeat customer
1161.53,93,High Value,Repeat customer
301.71999999999997,19,High Value,Repeat customer
901.2,2,High Value,Repeat customer
3858.38,199,High Value,Repeat customer
623.75,45,High Value,Repeat customer
1790.42,201,High Value,Repeat customer
155.24,27,High Value,Repeat customer
292.47,37,High Value,Repeat customer
4730.81,225,High Value,Repeat customer
589.15,43,High Value,Repeat customer
781.02,151,High Value,Repeat customer
1382.02,185,High Value,Repeat customer
272.82,46,High Value,Repeat customer
1054.67,269,High Value,Repeat customer
7239.92,660,High Value,Repeat customer
743.11,82,High Value,Repeat customer
603.75,28,High Value,Repeat customer
650.51,53,High Value,Repeat customer
2300.56,125,High Value,Repeat customer
417.59999999999997,1,High Value,One-time customer
3.75,1,High Value,One-time customer
323.0,13,High Value,Repeat customer
464.9,1,High Value,One-time customer
2238.09,191,High Value,Repeat customer
1304.76,242,High Value,Repeat customer
7194.3,357,High Value,Repeat customer
6697.66,449,High Value,Repeat customer
836.06,42,High Value,Repeat customer
1515.9,69,High Value,Repeat customer
623.93,95,High Value,Repeat customer
1764.72,25,High Value,Repeat customer
207.5,9,High Value,Repeat customer
223.92000000000002,34,High Value,Repeat customer
2002.4,2,High Value,Repeat customer
1496.83,170,High Value,Repeat customer
239.4,13,High Value,Repeat customer
106.83000000000001,7,High Value,Repeat customer
369.34000000000003,22,High Value,Repeat customer
789.79,42,High Value,Repeat customer
316.62,13,High Value,Repeat customer
1501.38,89,High Value,Repeat customer
611.85,23,High Value,Repeat customer
2799.25,706,High Value,Repeat customer
34.0,1,High Value,One-time customer
1145.6,34,High Value,Repeat customer
5580.6,222,High Value,Repeat customer
478.09000000000003,54,High Value,Repeat customer
380.39,40,High Value,Repeat customer
770.1,145,High Value,Repeat customer
2246.81,255,High Value,Repeat customer
171.59,26,High Value,Repeat customer
661.52,48,High Value,Repeat customer
1695.66,158,High Value,Repeat customer
388.28,76,High Value,Repeat customer
226.35,50,High Value,Repeat customer
245.94,16,High Value,Repeat customer
10629.720000000001,333,High Value,Repeat customer
425.19,60,High Value,Repeat customer
311.25,17,High Value,Repeat customer
2279.9,190,High Value,Repeat customer
107.6,3,High Value,Repeat customer
597.48,155,High Value,Repeat customer
80.8,5,High Value,Repeat customer
1545.6200000000001,93,High Value,Repeat customer
1721.78,320,High Value,Repeat customer
110.38000000000001,12,High Value,Repeat customer
243.84,16,High Value,Repeat customer
1222.71,285,High Value,Repeat customer
414.88,66,High Value,Repeat customer
305.62,18,High Value,Repeat customer
1201.49,164,High Value,Repeat customer
1619.73,76,High Value,Repeat customer
332.3,24,High Value,Repeat customer
536.99,60,High Value,Repeat customer
460.59,98,High Value,Repeat customer
801.49,103,High Value,Repeat customer
1121.59,67,High Value,Repeat customer
288.42,23,High Value,Repeat customer
914.69,149,High Value,Repeat customer
309.54,15,High Value,Repeat customer
547.07,28,High Value,Repeat customer
479.35,15,High Value,Repeat customer
1692.98,449,High Value,Repeat customer
6509.1,324,High Value,Repeat customer
417.06,28,High Value,Repeat customer
1604.75,86,High Value,Repeat customer
3349.57,188,High Value,Repeat customer
497.61,26,High Value,Repeat customer
358.38,38,High Value,Repeat customer
460.64,26,High Value,Repeat customer
775.1800000000001,28,High Value,Repeat customer
341.7,22,High Value,Repeat customer
128.5,8,High Value,Repeat customer
197.22,11,High Value,Repeat customer
325.91,23,High Value,Repeat customer
199.15,12,High Value,Repeat customer
1106.53,47,High Value,Repeat customer
413.46,24,High Value,Repeat customer
180.85,10,High Value,Repeat customer
251.87,11,High Value,Repeat customer
3170.98,165,High Value,Repeat customer
588.85,25,High Value,Repeat customer
16594.35,266,High Value,Repeat customer
1869.82,116,High Value,Repeat customer
1264.19,63,High Value,Repeat customer
10196.57,378,High Value,Repeat customer
214.32,11,High Value,Repeat customer
193.44,12,High Value,Repeat customer
281.42,14,High Value,Repeat customer
124.57,8,High Value,Repeat customer
332.41,19,High Value,Repeat customer
342.45,20,High Value,Repeat customer
144.91000000000003,9,High Value,Repeat customer
328.4,19,High Value,Repeat customer
35.400000000000006,2,High Value,Repeat customer
375.69000000000005,10,High Value,Repeat customer
747.81,52,High Value,Repeat customer
173.76,6,High Value,Repeat customer
502.8,26,High Value,Repeat customer
207.73999999999998,11,High Value,Repeat customer
825.42,128,High Value,Repeat customer
2812.34,137,High Value,Repeat customer
680.02,7,High Value,Repeat customer
7123.62,279,High Value,Repeat customer
2095.53,112,High Value,Repeat customer
853.72,159,High Value,Repeat customer
13.3,3,High Value,Repeat customer
1519.08,178,High Value,Repeat customer
432.0,1,High Value,One-time customer
705.12,39,High Value,Repeat customer
276.73,38,High Value,Repeat customer
429.84000000000003,26,High Value,Repeat customer
471.51,101,High Value,Repeat customer
194.88,37,High Value,Repeat customer
1578.67,135,High Value,Repeat customer
809.7,203,High Value,Repeat customer
525.54,99,High Value,Repeat customer
145.93,45,High Value,Repeat customer
219.14,69,High Value,Repeat customer
289.78,37,High Value,Repeat customer
508.81,162,High Value,Repeat customer
1281.56,125,High Value,Repeat customer
887.11,79,High Value,Repeat customer
1706.88,44,High Value,Repeat customer
373.24,60,High Value,Repeat customer
3754.27,710,High Value,Repeat customer
3102.43,208,High Value,Repeat customer
579.77,93,High Value,Repeat customer
981.65,151,High Value,Repeat customer
379.14,18,High Value,Repeat customer
1510.06,547,High Value,Repeat customer
2575.38,101,High Value,Repeat customer
113.44,8,High Value,Repeat customer
208.46,38,High Value,Repeat customer
621.6800000000001,57,High Value,Repeat customer
576.26,143,High Value,Repeat customer
391.52,9,High Value,Repeat customer
1068.82,128,High Value,Repeat customer
2596.45,327,High Value,Repeat customer
169.79,60,High Value,Repeat customer
7247.61,672,High Value,Repeat customer
846.75,83,High Value,Repeat customer
230.25,14,High Value,Repeat customer
543.05,6,High Value,Repeat customer
2847.6,209,High Value,Repeat customer
1295.39,77,High Value,Repeat customer
380.55,54,High Value,Repeat customer
4604.22,898,High Value,Repeat customer
161.94,53,High Value,Repeat customer
563.23,44,High Value,Repeat customer
950.9300000000001,62,High Value,Repeat customer
262.68,57,High Value,Repeat customer
2736.38,241,High Value,Repeat customer
3049.88,305,High Value,Repeat customer
1920.59,281,High Value,Repeat customer
816.73,33,High Value,Repeat customer
4345.5,249,High Value,Repeat customer
406.48,21,High Value,Repeat customer
435.02,19,High Value,Repeat customer
1286.27,60,High Value,Repeat customer
1178.56,42,High Value,Repeat customer
1277.75,86,High Value,Repeat customer
167.61,16,High Value,Repeat customer
20.8,1,High Value,One-time customer
2085.08,54,High Value,Repeat customer
518.67,25,High Value,Repeat customer
308.74,16,High Value,Repeat customer
416.64,16,High Value,Repeat customer
117.35000000000001,7,High Value,Repeat customer
507.05,101,High Value,Repeat customer
234.17,14,High Value,Repeat customer
110.55000000000001,7,High Value,Repeat customer
201.19,26,High Value,Repeat customer
2154.97,28,High Value,Repeat customer
319.02,21,High Value,Repeat customer
439.43,31,High Value,Repeat customer
650.41,42,High Value,Repeat customer
357.21,41,High Value,Repeat customer
251.51999999999998,2,High Value,Repeat customer
344.33,39,High Value,Repeat customer
1852.0,89,High Value,Repeat customer
1078.96,87,High Value,Repeat customer
384.06,22,High Value,Repeat customer
1931.25,148,High Value,Repeat customer
4481.35,407,High Value,Repeat customer
5464.12,120,High Value,Repeat customer
1873.2,3,High Value,Repeat customer
1625.05,129,High Value,Repeat customer
126.12,7,High Value,Repeat customer
1133.25,12,High Value,Repeat customer
179.0,1,High Value,One-time customer
1614.31,93,High Value,Repeat customer
1456.96,37,High Value,Repeat customer
702.0,12,High Value,Repeat customer
295.0,4,High Value,Repeat customer
484.82,23,High Value,Repeat customer
3989.57,169,High Value,Repeat customer
1493.73,49,High Value,Repeat customer
1412.94,44,High Value,Repeat customer
781.78,44,High Value,Repeat customer
889.9300000000001,52,High Value,Repeat customer
195.36,11,High Value,Repeat customer
270.9,15,High Value,Repeat customer
586.33,74,High Value,Repeat customer
1842.56,217,High Value,Repeat customer
8694.26,252,High Value,Repeat customer
920.1,16,High Value,Repeat customer
1272.61,234,High Value,Repeat customer
71.0,7,High Value,Repeat customer
95.85,3,High Value,Repeat customer
357.77,9,High Value,Repeat customer
154.82999999999998,4,High Value,Repeat customer
890.29,153,High Value,Repeat customer
716.0,2,High Value,Repeat customer
146.87,11,High Value,Repeat customer
380.35,22,High Value,Repeat customer
1030.14,28,High Value,Repeat customer
745.52,30,High Value,Repeat customer
433.53000000000003,28,High Value,Repeat customer
1267.32,75,High Value,Repeat customer
112.4,22,High Value,Repeat customer
449.73,15,High Value,Repeat customer
1081.57,70,High Value,Repeat customer
1044.3799999999999,98,High Value,Repeat customer
1735.18,102,High Value,Repeat customer
948.48,6,High Value,Repeat customer
339.44,22,High Value,Repeat customer
642.02,22,High Value,Repeat customer
1100.9,65,High Value,Repeat customer
925.35,43,High Value,Repeat customer
5659.9800000000005,318,High Value,Repeat customer
3228.84,316,High Value,Repeat customer
247.14000000000001,43,High Value,Repeat customer
413.75,92,High Value,Repeat customer
498.48,13,High Value,Repeat customer
1356.33,83,High Value,Repeat customer
1179.89,62,High Value,Repeat customer
3095.04,516,High Value,Repeat customer
234.24,5,High Value,Repeat customer
5232.2300000000005,99,High Value,Repeat customer
538.37,70,High Value,Repeat customer
1461.14,78,High Value,Repeat customer
859.35,62,High Value,Repeat customer
4552.14,296,High Value,Repeat customer
2709.7000000000003,143,High Value,Repeat customer
312.14,64,High Value,Repeat customer
2429.03,140,High Value,Repeat customer
1446.09,174,High Value,Repeat customer
834.12,77,High Value,Repeat customer
841.0799999999999,25,High Value,Repeat customer
378.2,28,High Value,Repeat customer
118.80000000000001,2,High Value,Repeat customer
287.62,8,High Value,Repeat customer
290.16,64,High Value,Repeat customer
2003.85,81,High Value,Repeat customer
1405.78,52,High Value,Repeat customer
2949.75,162,High Value,Repeat customer
1566.65,187,High Value,Repeat customer
2050.08,96,High Value,Repeat customer
1991.01,115,High Value,Repeat customer
2043.95,63,High Value,Repeat customer
3827.76,195,High Value,Repeat customer
1777.78,125,High Value,Repeat customer
302.0,14,High Value,Repeat customer
1324.16,74,High Value,Repeat customer
1022.13,48,High Value,Repeat customer
954.42,211,High Value,Repeat customer
971.74,65,High Value,Repeat customer
1621.73,42,High Value,Repeat customer
25.5,1,High Value,One-time customer
665.78,90,High Value,Repeat customer
10815.43,418,High Value,Repeat customer
885.04,117,High Value,Repeat customer
163.29999999999998,12,High Value,Repeat customer
248.61,30,High Value,Repeat customer
808.62,127,High Value,Repeat customer
837.5,39,High Value,Repeat customer
116.19999999999999,9,High Value,Repeat customer
157.02,10,High Value,Repeat customer
606.91,35,High Value,Repeat customer
307.46,18,High Value,Repeat customer
138.32,7,High Value,Repeat customer
345.29999999999995,9,High Value,Repeat customer
298.89,32,High Value,Repeat customer
259.35,40,High Value,Repeat customer
1004.75,260,High Value,Repeat customer
157.09,14,High Value,Repeat customer
2463.17,134,High Value,Repeat customer
4892.240000000001,27,High Value,Repeat customer
425.0,24,High Value,Repeat customer
1139.73,52,High Value,Repeat customer
380.5,24,High Value,Repeat customer
10668.47,478,High Value,Repeat customer
465.32,20,High Value,Repeat customer
579.0,15,High Value,Repeat customer
984.57,48,High Value,Repeat customer
749.78,35,High Value,Repeat customer
1714.59,81,High Value,Repeat customer
124.88,9,High Value,Repeat customer
1689.5,14,High Value,Repeat customer
213.78,14,High Value,Repeat customer
329.34,23,High Value,Repeat customer
251.70000000000002,20,High Value,Repeat customer
319.0,13,High Value,Repeat customer
1266.97,67,High Value,Repeat customer
1538.88,101,High Value,Repeat customer
3518.03,229,High Value,Repeat customer
1715.46,104,High Value,Repeat customer
293.1,5,High Value,Repeat customer
2467.35,144,High Value,Repeat customer
158.68,10,High Value,Repeat customer
206.34,12,High Value,Repeat customer
835.78,54,High Value,Repeat customer
224.91,16,High Value,Repeat customer
317.76,15,High Value,Repeat customer
3766.6,86,High Value,Repeat customer
59.9,4,High Value,Repeat customer
1443.69,63,High Value,Repeat customer
306.13,15,High Value,Repeat customer
711.79,80,High Value,Repeat customer
796.03,128,High Value,Repeat customer
239.92000000000002,23,High Value,Repeat customer
3347.31,73,High Value,Repeat customer
144.0,2,High Value,Repeat customer
203.95,10,High Value,Repeat customer
2474.23,84,High Value,Repeat customer
384.40000000000003,61,High Value,Repeat customer
444.74,19,High Value,Repeat customer
2095.13,237,High Value,Repeat customer
1699.3000000000002,32,High Value,Repeat customer
262.62,29,High Value,Repeat customer
1013.01,29,High Value,Repeat customer
692.22,96,High Value,Repeat customer
342.63,40,High Value,Repeat customer
3563.85,152,High Value,Repeat customer
1564.56,57,High Value,Repeat customer
384.08,13,High Value,Repeat customer
204.24,7,High Value,Repeat customer
2317.2200000000003,211,High Value,Repeat customer
226.85,4,High Value,Repeat customer
2781.23,157,High Value,Repeat customer
1069.1200000000001,103,High Value,Repeat customer
113.5,9,High Value,Repeat customer
1960.72,274,High Value,Repeat customer
114.23,25,High Value,Repeat customer
3198.25,472,High Value,Repeat customer
335.13,63,High Value,Repeat customer
354.15,28,High Value,Repeat customer
426.79,49,High Value,Repeat customer
393.49,21,High Value,Repeat customer
939.32,47,High Value,Repeat customer
1906.09,208,High Value,Repeat customer
318.76,47,High Value,Repeat customer
3638.41,69,High Value,Repeat customer
3174.32,541,High Value,Repeat customer
421.52,36,High Value,Repeat customer
190.88,25,High Value,Repeat customer
149.89000000000001,14,High Value,Repeat customer
550.06,29,High Value,Repeat customer
916.13,105,High Value,Repeat customer
314.69,19,High Value,Repeat customer
3744.65,566,High Value,Repeat customer
382.5,15,High Value,Repeat customer
1135.04,40,High Value,Repeat customer
8676.85,400,High Value,Repeat customer
954.9,31,High Value,Repeat customer
171.45,9,High Value,Repeat customer
282.19,55,High Value,Repeat customer
318.65,69,High Value,Repeat customer
384.52,57,High Value,Repeat customer
283.28000000000003,39,High Value,Repeat customer
353.86,87,High Value,Repeat customer
178.26,18,High Value,Repeat customer
272.44,112,High Value,Repeat customer
298.41,78,High Value,Repeat customer
240.0,16,High Value,Repeat customer
603.37,124,High Value,Repeat customer
1253.3600000000001,12,High Value,Repeat customer
63.440000000000005,23,High Value,Repeat customer
562.9,127,High Value,Repeat customer
310.64,80,High Value,Repeat customer
317.62,38,High Value,Repeat customer
763.64,6,High Value,Repeat customer
2148.63,114,High Value,Repeat customer
111.97999999999999,27,High Value,Repeat customer
1065.3500000000001,69,High Value,Repeat customer
246.04,15,High Value,Repeat customer
187.82999999999998,9,High Value,Repeat customer
1703.41,94,High Value,Repeat customer
1652.58,292,High Value,Repeat customer
153.92,45,High Value,Repeat customer
1064.11,124,High Value,Repeat customer
1419.73,142,High Value,Repeat customer
944.41,111,High Value,Repeat customer
525.24,102,High Value,Repeat customer
550.8000000000001,1,High Value,One-time customer
1875.1100000000001,135,High Value,Repeat customer
556.95,69,High Value,Repeat customer
131.78,51,High Value,Repeat customer
498.42,30,High Value,Repeat customer
669.11,57,High Value,Repeat customer
197.63,66,High Value,Repeat customer
1135.63,79,High Value,Repeat customer
250.04,53,High Value,Repeat customer
8631.31,66,High Value,Repeat customer
82.75,12,High Value,Repeat customer
1384.85,55,High Value,Repeat customer
644.3,14,High Value,Repeat customer
2328.84,24,High Value,Repeat customer
2527.92,131,High Value,Repeat customer
6292.26,473,High Value,Repeat customer
2600.34,9,High Value,Repeat customer
1200.6200000000001,73,High Value,Repeat customer
700.86,107,High Value,Repeat customer
921.07,200,High Value,Repeat customer
990.23,50,High Value,Repeat customer
96.8,6,High Value,Repeat customer
523.11,33,High Value,Repeat customer
363.9,6,High Value,Repeat customer
175.2,1,High Value,One-time customer
494.25,28,High Value,Repeat customer
307.02,11,High Value,Repeat customer
2027.8700000000001,543,High Value,Repeat customer
6643.93,753,High Value,Repeat customer
243.36,9,High Value,Repeat customer
12353.29,407,High Value,Repeat customer
781.36,183,High Value,Repeat customer
193.64,17,High Value,Repeat customer
160.57,32,High Value,Repeat customer
537.74,87,High Value,Repeat customer
2676.56,500,High Value,Repeat customer
228.96,1,High Value,One-time customer
1159.52,215,High Value,Repeat customer
110.75,9,High Value,Repeat customer
1286.07,71,High Value,Repeat customer
587.15,27,High Value,Repeat customer
1740.0,8,High Value,Repeat customer
1393.06,16,High Value,Repeat customer
178.22,19,High Value,Repeat customer
388.14,45,High Value,Repeat customer
365.85,59,High Value,Repeat customer
127.86,15,High Value,Repeat customer
585.79,132,High Value,Repeat customer
488.2,29,High Value,Repeat customer
312.23,35,High Value,Repeat customer
4481.18,411,High Value,Repeat customer
4801.56,468,High Value,Repeat customer
168.4,34,High Value,Repeat customer
1912.67,111,High Value,Repeat customer
446.18,33,High Value,Repeat customer
423.89,87,High Value,Repeat customer
1342.68,253,High Value,Repeat customer
646.92,57,High Value,Repeat customer
495.77,28,High Value,Repeat customer
400.1,69,High Value,Repeat customer
203.2,24,High Value,Repeat customer
4100.92,418,High Value,Repeat customer
404.66,83,High Value,Repeat customer
20275.61,109,High Value,Repeat customer
65.4,2,High Value,Repeat customer
199.29,51,High Value,Repeat customer
336.4,15,High Value,Repeat customer
261.11,47,High Value,Repeat customer
2686.42,28,High Value,Repeat customer
784.11,78,High Value,Repeat customer
1259.56,15,High Value,Repeat customer
31833.68,213,High Value,Repeat customer
508.8,3,High Value,Repeat customer
457.91,62,High Value,Repeat customer
203.86999999999998,4,High Value,Repeat customer
7330.8,27,High Value,Repeat customer
696.41,92,High Value,Repeat customer
653.38,38,High Value,Repeat customer
2129.96,213,High Value,Repeat customer
2633.85,59,High Value,Repeat customer
281.62,33,High Value,Repeat customer
31906.82,198,High Value,Repeat customer
1031.41,82,High Value,Repeat customer
2200.42,113,High Value,Repeat customer
32.65,2,High Value,Repeat customer
771.85,13,High Value,Repeat customer
1214.72,64,High Value,Repeat customer
778.94,41,High Value,Repeat customer
1258.06,66,High Value,Repeat customer
778.0,6,High Value,Repeat customer
507.84,14,High Value,Repeat customer
6893.42,269,High Value,Repeat customer
463.46000000000004,30,High Value,Repeat customer
4226.57,206,High Value,Repeat customer
598.83,30,High Value,Repeat customer
1979.37,117,High Value,Repeat customer
698.41,26,High Value,Repeat customer
759.17,43,High Value,Repeat customer
5037.26,271,High Value,Repeat customer
100.8,2,High Value,Repeat customer
17256.85,328,High Value,Repeat customer
524.9200000000001,39,High Value,Repeat customer
265.76,14,High Value,Repeat customer
403.3,43,High Value,Repeat customer
365.76,48,High Value,Repeat customer
303.15999999999997,54,High Value,Repeat customer
2373.82,134,High Value,Repeat customer
216.29999999999998,9,High Value,Repeat customer
388.45000000000005,17,High Value,Repeat customer
186.42000000000002,5,High Value,Repeat customer
2248.56,135,High Value,Repeat customer
534.24,1,High Value,One-time customer
2940.04,135,High Value,Repeat customer
120.9,9,High Value,Repeat customer
541.53,36,High Value,Repeat customer
2520.86,277,High Value,Repeat customer
194550.79,337,Medium value,Repeat customer
1721.4,100,High Value,Repeat customer
486.71999999999997,19,High Value,Repeat customer
517.53,61,High Value,Repeat customer
131.7,8,High Value,Repeat customer
249.86,17,High Value,Repeat customer
1737.7,19,High Value,Repeat customer
316.5,54,High Value,Repeat customer
657.3,111,High Value,Repeat customer
622.4300000000001,29,High Value,Repeat customer
757.46,111,High Value,Repeat customer
675.69,27,High Value,Repeat customer
1896.41,215,High Value,Repeat customer
289.96000000000004,9,High Value,Repeat customer
763.28,41,High Value,Repeat customer
137.0,5,High Value,Repeat customer
1870.97,88,High Value,Repeat customer
1125.07,78,High Value,Repeat customer
710.29,181,High Value,Repeat customer
194.37,14,High Value,Repeat customer
511.82,29,High Value,Repeat customer
1255.59,82,High Value,Repeat customer
414.04,21,High Value,Repeat customer
396.87,24,High Value,Repeat customer
376.64,29,High Value,Repeat customer
2092.32,76,High Value,Repeat customer
3558.87,109,High Value,Repeat customer
374.57,12,High Value,Repeat customer
497.56,27,High Value,Repeat customer
271.05,10,High Value,Repeat customer
272.22,17,High Value,Repeat customer
622.88,40,High Value,Repeat customer
1138.0,5,High Value,Repeat customer
288.6,18,High Value,Repeat customer
689.1,28,High Value,Repeat customer
558.96,38,High Value,Repeat customer
2997.0299999999997,127,High Value,Repeat customer
1145.84,52,High Value,Repeat customer
302.2,14,High Value,Repeat customer
605.58,88,High Value,Repeat customer
387.31,22,High Value,Repeat customer
6115.14,366,High Value,Repeat customer
308.48,20,High Value,Repeat customer
91062.38,963,High Value,Repeat customer
2924.9900000000002,105,High Value,Repeat customer
513.2,6,High Value,Repeat customer
208.65,40,High Value,Repeat customer
639.02,87,High Value,Repeat customer
768.08,137,High Value,Repeat customer
153.94,11,High Value,Repeat customer
1844.02,82,High Value,Repeat customer
546.81,30,High Value,Repeat customer
723.2099999999999,45,High Value,Repeat customer
1070.71,73,High Value,Repeat customer
652.74,33,High Value,Repeat customer
145.0,6,High Value,Repeat customer
422.70000000000005,9,High Value,Repeat customer
1195.8999999999999,19,High Value,Repeat customer
939.37,47,High Value,Repeat customer
3628.5,253,High Value,Repeat customer
2385.0,394,High Value,Repeat customer
296.7,14,High Value,Repeat customer
223.36,9,High Value,Repeat customer
164.4,13,High Value,Repeat customer
76.5,3,High Value,Repeat customer
897.62,75,High Value,Repeat customer
98.42,9,High Value,Repeat customer
578.9,25,High Value,Repeat customer
170.75,25,High Value,Repeat customer
645.96,145,High Value,Repeat customer
103.3,5,High Value,Repeat customer
148.86,6,High Value,Repeat customer
267.16,42,High Value,Repeat customer
306.84,43,High Value,Repeat customer
930.41,49,High Value,Repeat customer
1487.6,2,High Value,Repeat customer
1952.45,88,High Value,Repeat customer
483.26,106,High Value,Repeat customer
157.9,6,High Value,Repeat customer
541.46,34,High Value,Repeat customer
854.95,26,High Value,Repeat customer
167.62,46,High Value,Repeat customer
1122.38,63,High Value,Repeat customer
454.01,49,High Value,Repeat customer
901.21,152,High Value,Repeat customer
4331.48,165,High Value,Repeat customer
344.14,29,High Value,Repeat customer
1498.51,299,High Value,Repeat customer
226.75000000000003,12,High Value,Repeat customer
380.6,25,High Value,Repeat customer
185.65,8,High Value,Repeat customer
3622.68,411,High Value,Repeat customer
143.45999999999998,5,High Value,Repeat customer
448.90000000000003,50,High Value,Repeat customer
215.72,45,High Value,Repeat customer
11045.04,440,High Value,Repeat customer
175.27,29,High Value,Repeat customer
1242.3,35,High Value,Repeat customer
1133.07,214,High Value,Repeat customer
1240.2,23,High Value,Repeat customer
2404.17,253,High Value,Repeat customer
1479.22,201,High Value,Repeat customer
2225.9700000000003,166,High Value,Repeat customer
3927.34,213,High Value,Repeat customer
993.18,50,High Value,Repeat customer
388.79,83,High Value,Repeat customer
2827.93,270,High Value,Repeat customer
2044.3700000000001,55,High Value,Repeat customer
161.67000000000002,13,High Value,Repeat customer
116.00999999999999,9,High Value,Repeat customer
5102.97,560,High Value,Repeat customer
394.72,11,High Value,Repeat customer
309.36,63,High Value,Repeat customer
193.42,59,High Value,Repeat customer
1112.22,237,High Value,Repeat customer
3984.22,576,High Value,Repeat customer
2048.45,135,High Value,Repeat customer
4559.150000000001,312,High Value,Repeat customer
390.07,100,High Value,Repeat customer
329.6,14,High Value,Repeat customer
571.1999999999999,3,High Value,Repeat customer
971.58,78,High Value,Repeat customer
218.52,77,High Value,Repeat customer
81.44,4,High Value,Repeat customer
1379.9,26,High Value,Repeat customer
527.0500000000001,33,High Value,Repeat customer
843.48,50,High Value,Repeat customer
2047.0,315,High Value,Repeat customer
75.75,5,High Value,Repeat customer
1814.12,123,High Value,Repeat customer
503.59999999999997,26,High Value,Repeat customer
528.33,39,High Value,Repeat customer
1324.84,70,High Value,Repeat customer
2361.9700000000003,297,High Value,Repeat customer
285.56,20,High Value,Repeat customer
547.0600000000001,35,High Value,Repeat customer
108.5,7,High Value,Repeat customer
621.66,5,High Value,Repeat customer
712.29,40,High Value,Repeat customer
101.55,8,High Value,Repeat customer
2895.64,157,High Value,Repeat customer
1008.39,51,High Value,Repeat customer
133.06,7,High Value,Repeat customer
1797.5,91,High Value,Repeat customer
868.49,52,High Value,Repeat customer
166.08,8,High Value,Repeat customer
3945.0,232,High Value,Repeat customer
4867.72,259,High Value,Repeat customer
1207.56,44,High Value,Repeat customer
117.55,22,High Value,Repeat customer
2638.94,91,High Value,Repeat customer
1674.69,82,High Value,Repeat customer
595.42,19,High Value,Repeat customer
2999.46,158,High Value,Repeat customer
196.0,45,High Value,Repeat customer
1802.91,86,High Value,Repeat customer
604.64,43,High Value,Repeat customer
728.16,18,High Value,Repeat customer
2055.51,116,High Value,Repeat customer
347.75,15,High Value,Repeat customer
3406.7200000000003,68,High Value,Repeat customer
205.7,11,High Value,Repeat customer
1572.71,53,High Value,Repeat customer
3178.17,110,High Value,Repeat customer
1629.12,227,High Value,Repeat customer
551.04,27,High Value,Repeat customer
20374.28,705,High Value,Repeat customer
1387.68,78,High Value,Repeat customer
16363.23,304,High Value,Repeat customer
298.11,16,High Value,Repeat customer
1992.1100000000001,30,High Value,Repeat customer
184.4,11,High Value,Repeat customer
2474.33,118,High Value,Repeat customer
239.41,15,High Value,Repeat customer
3191.53,130,High Value,Repeat customer
5739.46,286,High Value,Repeat customer
4757.95,256,High Value,Repeat customer
290.40000000000003,19,High Value,Repeat customer
740.9399999999999,46,High Value,Repeat customer
200.47,16,High Value,Repeat customer
283.12,15,High Value,Repeat customer
765.34,35,High Value,Repeat customer
2285.71,115,High Value,Repeat customer
338.95,19,High Value,Repeat customer
154.95,8,High Value,Repeat customer
2534.64,142,High Value,Repeat customer
417.95,24,High Value,Repeat customer
1824.37,74,High Value,Repeat customer
798.74,55,High Value,Repeat customer
885.19,31,High Value,Repeat customer
1823.52,103,High Value,Repeat customer
10504.49,382,High Value,Repeat customer
152.4,5,High Value,Repeat customer
267.08,35,High Value,Repeat customer
137.45,7,High Value,Repeat customer
385.1,23,High Value,Repeat customer
522.91,29,High Value,Repeat customer
153.0,10,High Value,Repeat customer
326.4,1,High Value,One-time customer
5655.99,245,High Value,Repeat customer
139.35,6,High Value,Repeat customer
5396.04,274,High Value,Repeat customer
1195.94,50,High Value,Repeat customer
2424.04,115,High Value,Repeat customer
3276.4000000000005,10,High Value,Repeat customer
1033.0,40,High Value,Repeat customer
3439.08,192,High Value,Repeat customer
1060.25,66,High Value,Repeat customer
2876.01,165,High Value,Repeat customer
5298.4800000000005,218,High Value,Repeat customer
1240.11,67,High Value,Repeat customer
303.97,18,High Value,Repeat customer
692.19,35,High Value,Repeat customer
700.63,43,High Value,Repeat customer
13110.02,690,High Value,Repeat customer
377.44,25,High Value,Repeat customer
168.24,10,High Value,Repeat customer
1879.05,97,High Value,Repeat customer
2791.35,47,High Value,Repeat customer
355.11,15,High Value,Repeat customer
2322.4,136,High Value,Repeat customer
110.25,6,High Value,Repeat customer
71.4,1,High Value,One-time customer
674.52,35,High Value,Repeat customer
1797.57,193,High Value,Repeat customer
80.64,1,High Value,One-time customer
1772.26,92,High Value,Repeat customer
5605.29,741,High Value,Repeat customer
3456.7000000000003,412,High Value,Repeat customer
834.99,95,High Value,Repeat customer
287.59,25,High Value,Repeat customer
712.78,19,High Value,Repeat customer
15.0,1,High Value,One-time customer
818.8199999999999,75,High Value,Repeat customer
371.88,57,High Value,Repeat customer
271.2,21,High Value,Repeat customer
2273.1800000000003,105,High Value,Repeat customer
3997.98,310,High Value,Repeat customer
1143.27,38,High Value,Repeat customer
245.81,54,High Value,Repeat customer
182.77,53,High Value,Repeat customer
1225.41,156,High Value,Repeat customer
56.4,3,High Value,Repeat customer
665.86,194,High Value,Repeat customer
658.57,82,High Value,Repeat customer
188.02,12,High Value,Repeat customer
283.47,67,High Value,Repeat customer
131.94,13,High Value,Repeat customer
278.74,72,High Value,Repeat customer
1865.19,134,High Value,Repeat customer
1117.9,5,High Value,Repeat customer
225.9,14,High Value,Repeat customer
1965.55,190,High Value,Repeat customer
106.1,10,High Value,Repeat customer
323.04,58,High Value,Repeat customer
350.39,46,High Value,Repeat customer
697.9,82,High Value,Repeat customer
780.43,111,High Value,Repeat customer
3055.93,408,High Value,Repeat customer
1199.01,104,High Value,Repeat customer
1285.04,140,High Value,Repeat customer
512.31,10,High Value,Repeat customer
546.04,43,High Value,Repeat customer
5411.91,61,High Value,Repeat customer
7837.7300000000005,851,High Value,Repeat customer
732.16,141,High Value,Repeat customer
1770.8799999999999,371,High Value,Repeat customer
36.56,17,High Value,Repeat customer
387.68,33,High Value,Repeat customer
3704.87,48,High Value,Repeat customer
298.4,13,High Value,Repeat customer
1995.46,220,High Value,Repeat customer
1820.09,67,High Value,Repeat customer
889.24,30,High Value,Repeat customer
398.7,23,High Value,Repeat customer
35.400000000000006,2,High Value,Repeat customer
155.37,61,High Value,Repeat customer
350.64,61,High Value,Repeat customer
110.21000000000001,24,High Value,Repeat customer
1593.38,169,High Value,Repeat customer
2779.3,121,High Value,Repeat customer
338.8,56,High Value,Repeat customer
40991.57,7847,Low Value,Repeat customer
205.48,37,High Value,Repeat customer
51.559999999999995,5,High Value,Repeat customer
2033.1,1,High Value,One-time customer
901.1999999999999,51,High Value,Repeat customer
605.8000000000001,26,High Value,Repeat customer
5391.21,297,High Value,Repeat customer
114.34,24,High Value,Repeat customer
311.26,15,High Value,Repeat customer
208.97,17,High Value,Repeat customer
1418.03,15,High Value,Repeat customer
26879.04,54,High Value,Repeat customer
5155.66,199,High Value,Repeat customer
148.21,25,High Value,Repeat customer
252.8,58,High Value,Repeat customer
2100.8,222,High Value,Repeat customer
330.9,11,High Value,Repeat customer
3160.0,148,High Value,Repeat customer
597.5,102,High Value,Repeat customer
10526.32,370,High Value,Repeat customer
329.65,9,High Value,Repeat customer
1197.1000000000001,79,High Value,Repeat customer
428.18,40,High Value,Repeat customer
1894.35,279,High Value,Repeat customer
155.9,10,High Value,Repeat customer
1859.16,44,High Value,Repeat customer
683.46,46,High Value,Repeat customer
237.61,12,High Value,Repeat customer
379.45,26,High Value,Repeat customer
178.51999999999998,6,High Value,Repeat customer
458.92,26,High Value,Repeat customer
133.35000000000002,8,High Value,Repeat customer
671.77,145,High Value,Repeat customer
717.45,117,High Value,Repeat customer
190.19,64,High Value,Repeat customer
899.61,109,High Value,Repeat customer
111.35,10,High Value,Repeat customer
726.05,67,High Value,Repeat customer
203.87,21,High Value,Repeat customer
602.09,94,High Value,Repeat customer
203.85999999999999,34,High Value,Repeat customer
244.1,28,High Value,Repeat customer
112.25,16,High Value,Repeat customer
1119.81,193,High Value,Repeat customer
98.0,16,High Value,Repeat customer
256.32,2,High Value,Repeat customer
566.6,114,High Value,Repeat customer
152.06,28,High Value,Repeat customer
155.8,32,High Value,Repeat customer
112.19999999999999,6,High Value,Repeat customer
110.38,19,High Value,Repeat customer
191.67,38,High Value,Repeat customer
800.24,34,High Value,Repeat customer
72.9,12,High Value,Repeat customer
243.28,58,High Value,Repeat customer
366.23,39,High Value,Repeat customer
311.01,38,High Value,Repeat customer
411.6,59,High Value,Repeat customer
336.43,80,High Value,Repeat customer
341.28,94,High Value,Repeat customer
1304.04,23,High Value,Repeat customer
4204.1,696,High Value,Repeat customer
826.52,145,High Value,Repeat customer
207.50000000000003,1,High Value,One-time customer
2962.5,31,High Value,Repeat customer
244.08,1,High Value,One-time customer
397.29,21,High Value,Repeat customer
212.54,23,High Value,Repeat customer
843.0,5,High Value,Repeat customer
1740.48,39,High Value,Repeat customer
408.36,65,High Value,Repeat customer
1331.57,90,High Value,Repeat customer
704.25,21,High Value,Repeat customer
145.79,29,High Value,Repeat customer
389.84,77,High Value,Repeat customer
4301.22,43,High Value,Repeat customer
99.14,12,High Value,Repeat customer
4106.4400000000005,19,High Value,Repeat customer
304.56,2,High Value,Repeat customer
77.50000000000001,2,High Value,Repeat customer
149.57999999999998,20,High Value,Repeat customer
176.68,9,High Value,Repeat customer
358.56000000000006,1,High Value,One-time customer
58510.48,70,High Value,Repeat customer
482.2,71,High Value,Repeat customer
1008.5400000000001,20,High Value,Repeat customer
2332.72,485,High Value,Repeat customer
557.3,19,High Value,Repeat customer
12.75,1,High Value,One-time customer
111.68,31,High Value,Repeat customer
508.4599999999999,7,High Value,Repeat customer
73.78,26,High Value,Repeat customer
1296.44,249,High Value,Repeat customer
102.83,35,High Value,Repeat customer
471.7,104,High Value,Repeat customer
2622.57,329,High Value,Repeat customer
1098.43,68,High Value,Repeat customer
123.07,48,High Value,Repeat customer
277.35,85,High Value,Repeat customer
228.2,14,High Value,Repeat customer
582.59,31,High Value,Repeat customer
136.04,31,High Value,Repeat customer
337.04,15,High Value,Repeat customer
740.79,179,High Value,Repeat customer
4488.81,296,High Value,Repeat customer
353.19,65,High Value,Repeat customer
288.14,21,High Value,Repeat customer
300.91999999999996,12,High Value,Repeat customer
757.71,146,High Value,Repeat customer
811.45,30,High Value,Repeat customer
152.68,48,High Value,Repeat customer
634.95,23,High Value,Repeat customer
20.8,1,High Value,One-time customer
198.57,13,High Value,Repeat customer
201.12,38,High Value,Repeat customer
630.84,29,High Value,Repeat customer
93.35,5,High Value,Repeat customer
678.49,81,High Value,Repeat customer
76.1,2,High Value,Repeat customer
1970.6699999999998,166,High Value,Repeat customer
382.06,93,High Value,Repeat customer
417.23,58,High Value,Repeat customer
169.47,40,High Value,Repeat customer
249.72,60,High Value,Repeat customer
444.68,22,High Value,Repeat customer
2116.19,30,High Value,Repeat customer
257.34,32,High Value,Repeat customer
174.8,14,High Value,Repeat customer
102.78999999999999,28,High Value,Repeat customer
187.29,31,High Value,Repeat customer
166.42,32,High Value,Repeat customer
120.03,46,High Value,Repeat customer
1483.56,123,High Value,Repeat customer
523.0,3,High Value,Repeat customer
122.14,29,High Value,Repeat customer
38.45,5,High Value,Repeat customer
668.11,191,High Value,Repeat customer
389.78,21,High Value,Repeat customer
115.31,21,High Value,Repeat customer
230.64999999999998,9,High Value,Repeat customer
73.5,5,High Value,Repeat customer
97.97,34,High Value,Repeat customer
422.88,112,High Value,Repeat customer
730.4,53,High Value,Repeat customer
405.62,96,High Value,Repeat customer
70.02,19,High Value,Repeat customer
357.20000000000005,19,High Value,Repeat customer
4183.39,472,High Value,Repeat customer
165.04999999999998,7,High Value,Repeat customer
559.51,121,High Value,Repeat customer
2088.6,127,High Value,Repeat customer
189.4,47,High Value,Repeat customer
172.29000000000002,7,High Value,Repeat customer
74.4,5,High Value,Repeat customer
300.02,20,High Value,Repeat customer
6784.1900000000005,360,High Value,Repeat customer
363.65,19,High Value,Repeat customer
170.16,3,High Value,Repeat customer
306.46,18,High Value,Repeat customer
2119.41,46,High Value,Repeat customer
720.52,27,High Value,Repeat customer
814.0,7,High Value,Repeat customer
2392.83,137,High Value,Repeat customer
318.0,10,High Value,Repeat customer
396.33,37,High Value,Repeat customer
101.69999999999999,1,High Value,One-time customer
2036.67,470,High Value,Repeat customer
453.0,25,High Value,Repeat customer
247.44,18,High Value,Repeat customer
3877.5200000000004,73,High Value,Repeat customer
489.6,13,High Value,Repeat customer
2611.75,142,High Value,Repeat customer
2633.0099999999998,227,High Value,Repeat customer
336.13,29,High Value,Repeat customer
3651.97,127,High Value,Repeat customer
1231.5,2,High Value,Repeat customer
343.45,17,High Value,Repeat customer
703.37,73,High Value,Repeat customer
90.47999999999999,1,High Value,One-time customer
689.95,29,High Value,Repeat customer
101.34,7,High Value,Repeat customer
4055.7199999999993,2,High Value,Repeat customer
167.67000000000002,39,High Value,Repeat customer
9068.26,89,High Value,Repeat customer
2106.52,36,High Value,Repeat customer
3017.3,70,High Value,Repeat customer
580.0500000000001,21,High Value,Repeat customer
911.15,213,High Value,Repeat customer
2697.8,108,High Value,Repeat customer
168.31,19,High Value,Repeat customer
223.65,41,High Value,Repeat customer
259657.3,431,Medium value,Repeat customer
754.64,38,High Value,Repeat customer
113.48000000000002,18,High Value,Repeat customer
430.7,39,High Value,Repeat customer
271.0,17,High Value,Repeat customer
8052.97,444,High Value,Repeat customer
236.3,46,High Value,Repeat customer
352.69,26,High Value,Repeat customer
76.32000000000001,1,High Value,One-time customer
220.1,28,High Value,Repeat customer
1418.03,378,High Value,Repeat customer
320.72,74,High Value,Repeat customer
5653.82,1279,High Value,Repeat customer
181.12,30,High Value,Repeat customer
111.15,17,High Value,Repeat customer
673.1,32,High Value,Repeat customer
1826.21,364,High Value,Repeat customer
589.4399999999999,36,High Value,Repeat customer
1142.99,196,High Value,Repeat customer
206.82999999999998,56,High Value,Repeat customer
348.73,47,High Value,Repeat customer
112.55000000000001,14,High Value,Repeat customer
1059.39,70,High Value,Repeat customer
931.4999999999999,1,High Value,One-time customer
681.9100000000001,20,High Value,Repeat customer
784.33,38,High Value,Repeat customer
152.65,8,High Value,Repeat customer
8438.34,159,High Value,Repeat customer
1019.52,15,High Value,Repeat customer
1000.16,61,High Value,Repeat customer
2888.75,43,High Value,Repeat customer
2861.55,221,High Value,Repeat customer
160.35000000000002,10,High Value,Repeat customer
179.33999999999997,7,High Value,Repeat customer
612.0799999999999,16,High Value,Repeat customer
566.58,37,High Value,Repeat customer
653.35,38,High Value,Repeat customer
399.19,21,High Value,Repeat customer
371.62,25,High Value,Repeat customer
734.94,140,High Value,Repeat customer
453.4,34,High Value,Repeat customer
530.15,23,High Value,Repeat customer
638.0600000000001,39,High Value,Repeat customer
1618.69,80,High Value,Repeat customer
399.65000000000003,24,High Value,Repeat customer
302.46000000000004,10,High Value,Repeat customer
1384.8600000000001,37,High Value,Repeat customer
1169.94,131,High Value,Repeat customer
202.65,9,High Value,Repeat customer
980.31,38,High Value,Repeat customer
1231.31,54,High Value,Repeat customer
7561.68,189,High Value,Repeat customer
2106.84,31,High Value,Repeat customer
104.0,1,High Value,One-time customer
476.35,30,High Value,Repeat customer
1341.42,74,High Value,Repeat customer
1590.81,97,High Value,Repeat customer
1793.17,90,High Value,Repeat customer
1843.75,119,High Value,Repeat customer
382.8,44,High Value,Repeat customer
632.07,37,High Value,Repeat customer
49.8,1,High Value,One-time customer
304.25,17,High Value,Repeat customer
2001.04,71,High Value,Repeat customer
1090.24,68,High Value,Repeat customer
284.46000000000004,15,High Value,Repeat customer
207.79999999999998,7,High Value,Repeat customer
957.97,45,High Value,Repeat customer
243.76,16,High Value,Repeat customer
973.8399999999999,7,High Value,Repeat customer
689.13,141,High Value,Repeat customer
5425.56,159,High Value,Repeat customer
163.8,32,High Value,Repeat customer
1396.99,68,High Value,Repeat customer
160.42000000000002,19,High Value,Repeat customer
1993.7,200,High Value,Repeat customer
517.36,32,High Value,Repeat customer
139.10000000000002,8,High Value,Repeat customer
2621.38,134,High Value,Repeat customer
600.07,42,High Value,Repeat customer
248.42,43,High Value,Repeat customer
232.48000000000002,15,High Value,Repeat customer
299.34000000000003,13,High Value,Repeat customer
481.75,26,High Value,Repeat customer
621.75,31,High Value,Repeat customer
662.08,21,High Value,Repeat customer
2069.77,114,High Value,Repeat customer
305.28000000000003,2,High Value,Repeat customer
1041.61,64,High Value,Repeat customer
443.0,19,High Value,Repeat customer
6484.54,272,High Value,Repeat customer
158.95000000000002,10,High Value,Repeat customer
5509.12,271,High Value,Repeat customer
5228.05,242,High Value,Repeat customer
93.75,5,High Value,Repeat customer
779.9,30,High Value,Repeat customer
7276.900000000001,164,High Value,Repeat customer
2810.2000000000003,86,High Value,Repeat customer
2083.27,124,High Value,Repeat customer
592.97,37,High Value,Repeat customer
440.0,1,High Value,One-time customer
1796.48,104,High Value,Repeat customer
882.24,49,High Value,Repeat customer
987.1,61,High Value,Repeat customer
1561.6100000000001,88,High Value,Repeat customer
422.58,6,High Value,Repeat customer
2073.09,104,High Value,Repeat customer
2232.4900000000002,78,High Value,Repeat customer
2567.06,175,High Value,Repeat customer
596.1,4,High Value,Repeat customer
804.02,47,High Value,Repeat customer
95.34,8,High Value,Repeat customer
349.27,21,High Value,Repeat customer
4314.72,16,High Value,Repeat customer
526.67,98,High Value,Repeat customer
103.3,6,High Value,Repeat customer
2337.63,118,High Value,Repeat customer
2338.6000000000004,42,High Value,Repeat customer
2643.2000000000003,134,High Value,Repeat customer
324.24,21,High Value,Repeat customer
149.48,13,High Value,Repeat customer
1213.1599999999999,61,High Value,Repeat customer
801.51,46,High Value,Repeat customer
25.5,1,High Value,One-time customer
168.6,7,High Value,Repeat customer
283.15,11,High Value,Repeat customer
3078.58,166,High Value,Repeat customer
204.0,3,High Value,Repeat customer
175.92,11,High Value,Repeat customer
335.86,14,High Value,Repeat customer
110.38,8,High Value,Repeat customer
173.9,9,High Value,Repeat customer
180.60000000000002,10,High Value,Repeat customer
80.82,7,High Value,Repeat customer
178.05,12,High Value,Repeat customer
2094.88,756,High Value,Repeat customer
1837.28,70,High Value,Repeat customer
